pay_id,amount,clm_id,payer_id,payee_id
7a2551a9,8329.62,add76e45,90dc16ad,6d9d9e9f
4d40fee9,9173.7,5f661b92,353fa113,6d9d9e9f
0f12413d,2331.25,7be0d994,29bd7a06,ea90316a
80d78860,3112.59,d06fe810,,89c817ec
fb5db8a8,63.18,7f6230e6,,89c817ec
881d1912,8667.41,3abe9c3e,0abafbff,a8b82bb7
a50e3061,7598.88,85c4c5d1,0abafbff,a8b82bb7
f080693d,4271.13,9693c67d,f74fc173,a8b82bb7
51568831,4267.53,1deae165,0abafbff,a8b82bb7
a9c03d3c,9280.15,f0f2f523,,30af8348
4c123798,1445.91,ed9a64bd,40b9b5a0,1d75123e
abf81dfc,7340.86,44f68b67,40b9b5a0,1d75123e
b04ce5ab,2338.11,3a1670fc,127d169d,1d75123e
6bfce88e,4344.92,a7f62951,,97a643a1
694d1a65,7960.57,01a45c44,,97a643a1
34b14c90,6465.05,407fb908,e7f4317a,5e8fec42
a87594c8,4510.08,ec2be100,83c6cc54,0b05e896
9c0f9b47,7984.12,d78a9562,83c6cc54,0b05e896
f5512155,7727.92,904d83d4,83c6cc54,0b05e896
2ead77d4,484.52,c0953d3e,83c6cc54,0b05e896
270e7cf0,9420.96,7068a5bf,83c6cc54,0b05e896
05870a50,390.32,e4005de8,168be7c0,37da8bdb
71b09d84,1647.38,d6d979a4,ceb50fc6,37da8bdb
f161dbff,673.1,047c2dcf,317e33c6,37da8bdb
8bc2f28e,222.9,714e7310,317e33c6,37da8bdb
b4d3535b,9539.51,17539dd5,317e33c6,37da8bdb
1bee3bc6,353.56,dfd93948,9ccdedb8,5b771831
1d679eba,3996.64,994efcff,9ccdedb8,5b771831
bb835e29,9076.59,aa12d511,,e9947c9c
15e92263,2788.43,27ca32ef,,e9947c9c
7544a9bd,5399.19,7a0e31ce,,b0ae29d2
0dffff78,8314.1,d4ef3d8c,,b0ae29d2
6c871fd9,4027.54,c187e7f8,,b0ae29d2
99adebf2,827.26,59b148bb,,9894e5a8
3bcfb0d5,8953.62,79c6f73a,3d7d77df,bfbabe15
5c180282,3862.74,a30ef083,,02ea94a4
6bc50df8,8214.33,8b1560dd,,02ea94a4
b1a3e621,8265.14,1ba8fcc6,a2fc353b,9aa08b2d
cb28d52a,6411.95,fbf13ed6,a2fc353b,9aa08b2d
fb9d0782,9950.51,2fd2aab4,a2fc353b,9aa08b2d
66a105a0,998.21,926a88f1,a2fc353b,9aa08b2d
dab0a840,6473.54,7889ee6e,,3a7f1449
4857e896,226.72,9eb32cfa,,3a7f1449
bd8aad93,9505.78,1bb405d5,,3a7f1449
d7770792,1408.29,3fe4ef95,7dba3d7e,d6a9093f
ac43c40d,4195.1,c17fe79b,7dba3d7e,d6a9093f
9bd7c219,6844.87,3214da78,7dba3d7e,d6a9093f
fb6f1e38,7292.64,b1ce626c,,c702ff67
5953f942,1831.51,4a6f40a7,5f46045e,90fcc52f
359d7f51,4144.38,76ec3608,5f46045e,90fcc52f
d453247d,5624.01,9d4b33cf,5f46045e,90fcc52f
3b7515a8,4190.07,8e2df0f9,5f46045e,90fcc52f
e6bcc576,5434.87,97a5043c,a298c221,aaa5e588
8b228708,1616.19,c3f3a488,a298c221,aaa5e588
fefffb8c,3984.19,05c1df2d,a298c221,aaa5e588
5f127019,3724.41,a0fdcb4a,e1c06e05,9792deb8
cbfa9d87,7971.94,8db4c04e,e1c06e05,9792deb8
9cbddb04,5480.63,ebb96c41,bc2fd800,9792deb8
c228b3eb,1828.33,1bd3b682,ff2802e1,cd48bc14
f1152b4f,6911.1,7b718286,ff2802e1,cd48bc14
7b7649f5,4497.48,964de31f,57002d5a,56590d66
d68e8f9b,2786.3,ae9f4b7c,57002d5a,56590d66
552b5b21,2186.51,2fca1b0b,766669c8,bb7b2d20
379af8d8,2056.03,26cf4a91,bddf76c6,bb7b2d20
16f112e7,6678.7,a352883b,3af6fecb,1b6672d0
091f31b8,3587.04,522c6751,3af6fecb,1b6672d0
fe61ba0b,358.62,bd53ca66,3af6fecb,1b6672d0
28cad4e2,751.12,68c6f9dc,7365a549,a9174679
2c726b40,6059.62,79269021,7365a549,a9174679
4da851ff,185.33,8d0e9f53,7365a549,a9174679
f8968d94,6804.73,8d2e05d8,82a95b89,e27f50aa
817d16f3,2205.53,b04e7bd8,967be2db,cdbaa0ab
d5c8d399,280.01,0b85f116,967be2db,cdbaa0ab
60fcf09b,1125.79,a6994ee7,3df75de5,6a881d83
d13b2059,4051.9,51f1edf1,3df75de5,6a881d83
fbaec5fd,7701.18,d7f0b9db,3df75de5,6a881d83
5f36b0db,9807.23,a4991b59,3df75de5,6a881d83
1fcde5ef,3898.41,c9c88f5e,,24a8eeef
449b2b2e,4002.99,fec93eed,,24a8eeef
8b9f7f1a,7749.83,19aa62fa,,24a8eeef
75e506ba,2456.3,6ade81e5,,24a8eeef
13b16711,5266.39,5f7683d3,,9f513fdb
70847e27,2605.11,56f5d10e,,9f513fdb
2bbbc436,4281.65,ff808a0a,,f1480e2c
6e5e52b1,6365.61,1632c23f,,f1480e2c
9af61969,1528.58,ae462e3f,9ab6aeb3,989a9ba1
97e46029,5060.78,7d30fbb2,9ab6aeb3,989a9ba1
4d1c233c,8181.94,15b616eb,9ab6aeb3,989a9ba1
dc62cbb9,8804.15,d1b4a534,9ab6aeb3,989a9ba1
3bb3bd94,9897.62,fe29b9c0,2a843c98,bdd58e97
28145bd6,8636.59,b2b7a93e,7718b238,38fa1fe4
612fbb80,8552.43,3ee08172,edcf1926,538d3102
55b06b58,8657.43,a57ed0df,d01999ea,16872e22
fe0878a9,6726.3,42efad5c,beb06763,962b78f0
5ef81e91,1096.37,f8bd26ec,beb06763,962b78f0
438c3010,2425.29,5f19263a,3cb736a3,8c27d2f4
3aab49ea,462.49,dcc32529,3a3f2e45,8c27d2f4
76be98a7,7717.08,89db350b,,7d85a779
2a51aca5,9639.69,02b2f00b,,7d85a779
233c4566,5610.13,22805bc4,,7d85a779
808e7ed9,3835.97,aea7ad3f,,7d85a779
8861d9cf,1086.57,a4cba798,3f648d1a,929b89c0
c5432df9,2137.69,e95df835,,dad82a51
3203edda,2376.76,3a4fbe6a,,71f247cf
ce20dd2c,1035.62,6af2529d,,71f247cf
e3ad60cd,3620.72,a0dc0e7e,a7cf0887,ae7281f7
99d7b6d7,125.02,23ee01b6,a7cf0887,ae7281f7
5155b976,4753.35,d5271527,5102ea74,ae7281f7
6cf9db59,3013.7,7229bb69,,ed69e28c
814c209f,9257.73,3c7a9292,,ed69e28c
b2c53d49,2611.65,c2d92577,,fb451d78
075bf8f9,3157.22,a02bf40a,393b08de,ca367512
53eb84ca,9795.14,980bccc9,4281dbdc,ca367512
1b9cac8d,5583.82,d6aee326,a4c59275,27cc8672
bae6980a,960.21,8ab0c84c,a4c59275,27cc8672
572ef84d,1602.9,ffc8656f,1b0de340,d79f5300
582dfeaa,3773.57,54fa9ca0,4f518e0b,7743abce
ac249ec1,2644.69,282ec09f,5341bc06,18d2679c
323a224c,1387.41,9ae817b5,979e3536,18d2679c
0910d10b,265.47,87cabab4,963245b5,18d2679c
14185d98,5687.86,d79b582c,,77044cad
aa028816,566.48,0d2cae69,,77044cad
d1410b1d,5499.15,59d9b4ec,,77044cad
67c4d5e8,2869.29,83a17f69,203ba30c,f5ff5e4c
4bb25515,4955.35,fffec4ef,203ba30c,f5ff5e4c
f97dad38,8460.85,da839f6d,468ba2df,f5ff5e4c
36715e94,7011.44,af010156,7cc72b94,fc84629f
be896bc0,6372.47,b06fee42,c16cfb5e,9f8a1e1d
6778ad92,459.52,b4cd276a,6ca8ef7c,9f8a1e1d
f1bf2462,1676.6,ef55985e,c16cfb5e,9f8a1e1d
6358e830,7477.67,c20eb8d1,90271453,6885eed5
a3f3707d,3183.5,4f502414,a4d375a4,6885eed5
4454221e,1273.83,b7d40272,a4d375a4,6885eed5
031b6ce0,2729.37,d1d11247,a4d375a4,6885eed5
e550941f,2524.51,1813d769,,87b3fc92
cf564f5b,1483.2,04bddc9b,38aa1ab3,2aadc3fe
4bac8a75,7958.68,71435c97,243b54cb,2aadc3fe
928c2078,3193.68,780c4e5f,f9b8c5c7,2aadc3fe
fd06b83f,3891.68,2032765a,14cafedd,0e31e537
eff1660d,191.26,cbab8881,3de33305,0e31e537
7773f36e,5618.32,e9e10c52,52434aa4,297f249b
4a64ce1f,5574.2,04a6855a,52434aa4,297f249b
95c53881,9513.34,1c23e582,817c7348,f0eb0157
5ca1a920,1469.82,cb09d0a6,817c7348,f0eb0157
996ca886,534.53,c883b765,4da8bd52,8908b5a4
8cf41875,6908.27,cdf700dd,f21707b3,8908b5a4
7063a68f,2746.24,a7ed95f5,4da8bd52,8908b5a4
32e74f86,4699.12,052e3e8f,4da8bd52,8908b5a4
fed08ed1,8519.99,15f744af,af06b333,1d20acbd
caecf6c9,9206.32,96bda169,9225e940,1d20acbd
88eefe7c,5361.26,436b7576,9225e940,1d20acbd
85d51cb5,6158.42,ca67a002,9225e940,1d20acbd
b0cc0807,2409.72,2ceacba1,1cab45ac,7aa142e8
d223310c,1850.72,249cd799,0b487b17,7aa142e8
d9b03b34,29.4,33c71180,8048276d,bc75a842
383cbe94,8714.85,646924c0,a365459a,bc75a842
e6165290,267.92,9a5cd8e0,8048276d,bc75a842
2bc932f3,909.09,1f4b682e,690198ac,d254525b
a04fac9e,277.65,b83b17e2,,f781c36a
0ea487e2,6360.31,977bdb8f,,f781c36a
03a07921,6640.91,3442c458,d006908e,f81efbc1
a5042dba,8879.74,221f9029,d006908e,f81efbc1
97c1cae4,9335.17,ae0fb52c,,66760f2f
d194a4ae,8811.1,8e6ec158,,66760f2f
a611a35e,5429.64,1b720e7b,,66760f2f
935db01e,3466.14,15d0efda,7a1a907b,3cfa7174
8390025c,8229.43,99b7e5b7,7a1a907b,3cfa7174
febcba0f,3662.01,3c252ead,7a1a907b,3cfa7174
dd885dde,627.0,bade434d,f712ac00,420dae4c
aecd479b,9071.88,28e9155c,7ba49c47,0fb99d7e
0e265b3d,1769.81,38242cd3,64e1c9e7,9099976c
882cde95,2154.5,8f3d021e,64e1c9e7,9099976c
1a07e813,5065.79,36c230b2,20af963c,3d65158b
bd231b8d,2219.97,2fe4566e,20af963c,3d65158b
27d22abf,850.16,287c3696,20af963c,3d65158b
f7eaa171,2200.59,50413eea,dcbc5913,3bd6a5df
747b85a2,2119.71,ae50e60a,dcbc5913,3bd6a5df
2f4b41b0,7101.79,6c60e793,dcbc5913,3bd6a5df
a2e05443,6317.19,0b9bcff9,dcbc5913,3bd6a5df
e0696ed9,1639.31,e8e7b15b,89bfe40f,e7aa8ce7
bf520429,8691.91,6e0494d6,b0d0ecc1,04895d06
36a93d8a,1496.8,1ae14163,562e7d2c,04895d06
f10ada1d,2780.95,d4121662,3f626605,56c7b9da
4f26a5d0,7599.13,462b1171,b91a4e6f,9bb68e6d
0b4397f6,658.93,573b7107,8a3e5d7a,9bb68e6d
aa84c968,6014.51,2d2cf1dc,322d1742,fa70b5ff
aa0560e9,2161.23,c8bd1e83,a7210d6c,fa70b5ff
d981a5be,3475.54,f7192f51,322d1742,fa70b5ff
81c52fdc,6722.6,3ee04a1c,,dbdac058
d04f56cd,9138.15,2826de50,,dbdac058
3fdebec8,8503.4,b2f7ca59,201cd9a4,953302e5
3b346ac8,4866.73,94a7e6f1,201cd9a4,953302e5
d0b79add,9737.83,016f6a2d,201cd9a4,953302e5
e2b1ff45,5632.95,fc9e493e,201cd9a4,953302e5
548e0690,6700.37,5132868c,201cd9a4,953302e5
0b607373,3181.27,ad7424ca,b0a6238a,c2909fae
0952036f,734.33,7fb43b3e,4d0b8806,c2909fae
a0a92f58,6256.58,10e41222,ba3dc40a,c2909fae
b1ce04a9,2604.73,0f26cc59,ba3dc40a,c2909fae
f54f2255,591.21,0d89b5bc,4d0b8806,c2909fae
468c9375,2243.94,7e816548,618980e7,e50e77cc
4f849b3c,746.08,5c221ac1,3f9bb272,e50e77cc
32fc8573,1541.15,73081715,3f9bb272,e50e77cc
527a49a6,3777.29,35c7cf1c,d5c634d2,f7faff35
00a58aa2,5653.04,63b41431,d5c634d2,f7faff35
aed6ef0c,5342.48,b6048e6c,d5c634d2,f7faff35
212e1fb8,40.52,2efed12f,2f7b7892,141599ea
a6e2e1b5,7743.72,3ade2300,,b5c3643e
49278ca2,6463.58,609cf215,,b5c3643e
560df19f,142.58,25cc806b,a816791f,9aaa0ee8
0f60b246,8937.0,9eb3d2e4,38986919,6dd7d195
83701ef8,2397.96,6412aaac,38986919,6dd7d195
d3de85dd,3196.37,5709c492,,76f28b14
1d49fbe8,1633.26,e7624cf5,,76f28b14
37fd4721,2043.99,86208761,,76f28b14
836f0630,9163.64,517c6bda,75871124,3e3556f0
7e727c59,5157.79,f097adc3,2aaa53bf,b00512d7
5c46b77d,70.89,ef27aef5,2aaa53bf,b00512d7
14473843,7125.92,9428b304,2aaa53bf,b00512d7
db0dc04f,75.2,4db84202,f1d405ec,5b139a36
00be1e8f,1307.33,1e547b4b,48403e82,5b139a36
fdb42426,2213.54,0bf2bb12,d48af701,5b139a36
195bd74a,9093.93,78ccda0e,c8079aa9,35d6465a
f49bbba9,469.25,ce2e4e82,a3fafdb7,35d6465a
a56d7590,2180.42,2ce137ee,e5f076d9,0b79335d
f5669f29,2379.03,49567d95,e5f076d9,0b79335d
4939a906,3506.68,d52f1f6d,e5f076d9,0b79335d
92b34e9e,6823.03,65dc5452,a31d5055,331ce6c7
23281230,1559.74,308ff6a5,a31d5055,331ce6c7
c010ce98,6083.65,960c38b6,2d0022e6,e8fd36ff
b0b6772c,2693.12,1790999d,,03fe316c
f49ed762,3201.54,0374d373,,03fe316c
cce0eb81,7016.86,1193387b,,03fe316c
c085bb34,5575.52,62b7623d,,03fe316c
124023c4,4162.26,7f8b8fcf,,4cbaebd3
06014f11,9239.29,be7acb3b,,4cbaebd3
e9d0e100,562.14,131f75c8,a67513ab,09350aae
a01b9fe5,9433.4,f2b9957c,a67513ab,09350aae
bf1eb10e,3799.73,f26ac651,963460d8,a983dadf
54338a90,158.54,e7bab2ff,,e3698731
1acd7115,5053.21,687cf08e,,e3698731
9f23a1cd,8390.52,c0a8ae72,,e3698731
c8f67bd7,6537.61,db410d23,7b3f4f2e,459e2114
40b77da2,2827.33,305028e4,7b3f4f2e,459e2114
724b17ce,3315.71,5bd5cc5d,7b3f4f2e,459e2114
f31c7eaa,9104.9,a6e1578f,,0aab7b7c
c84318d3,7163.06,cd907be5,,0aab7b7c
f7b0b05c,5140.67,edfb82e7,5db95b22,6d194a46
a535fdf3,3249.74,7905ca7c,54942b8b,35d63f1e
03d90fc6,7977.97,e5198686,54942b8b,35d63f1e
eaae4d26,475.03,3da6d8a1,54942b8b,35d63f1e
0c601d88,3013.02,ddb561f3,54942b8b,35d63f1e
5d6a5daf,6522.4,44994390,a9b6ac0b,371e98d8
d1605bc3,1304.57,2dfcf570,a9b6ac0b,371e98d8
d912aa37,9458.11,3376103b,51f9fd0c,371e98d8
faf791a1,3035.83,4729e166,,e1b4485d
a5e259a1,7689.87,3479fbc0,,e1b4485d
3e3ccce7,1712.16,e85b6fee,cd438b25,3f8d333a
83d25f92,1582.43,9f930983,9a685cf0,3f8d333a
581e4f2b,2489.76,e423986c,9a685cf0,3f8d333a
8c9a7c71,4041.09,e32c8253,9a685cf0,3f8d333a
deedb9f4,3178.24,bd54661e,d171c2d6,78fac5bc
ec82e99b,1838.08,707a2c00,ed2c2d53,78fac5bc
95e96d31,6888.98,a01a1d1b,8f93d6ee,a846b0a6
6906867d,1685.73,491c8908,,7fb1dcdb
8413d264,6726.2,f927b49a,,7fb1dcdb
87be33c6,7393.33,ee7cf2c8,,7fb1dcdb
ba7bc52d,710.39,88f8173a,,36e144dd
1c03969f,6926.97,9cdf78bb,,36e144dd
2c4cea6a,6179.37,f4ff2364,,36e144dd
be5327f1,2803.79,084ae026,d58212a7,52931ae4
e65368be,6818.37,9cc21487,498af9f2,a24e7d79
6ad22301,8693.41,fd83a699,7fd1b70d,4d7edaa4
78150b8a,2941.13,9cc59978,1ae78b00,31fdafcd
d738d951,7534.47,9ffa2b4a,1ae78b00,31fdafcd
d90cef82,1379.69,a5ebaff5,,db9220a2
556a1b2d,6028.32,f03fe0f8,,db9220a2
e473f8b9,2247.37,fbfb90a1,b29f16cf,a97a4814
0250a6e7,4673.5,ac6d928b,b29f16cf,a97a4814
06ba61e4,9668.55,3fac39d4,b29f16cf,a97a4814
a4f1033a,5964.4,0ee73d90,1701eb7e,7ae9101b
9f41035d,5967.64,1a09b852,1701eb7e,7ae9101b
8eb48139,2272.24,9b7e8945,,c7fc1c22
d628908e,4415.03,30096643,,c7fc1c22
596df0d8,3116.43,5b11cbf1,,c7fc1c22
48c71c40,4860.83,8f740fee,c05fb7e4,22c86f00
1b34bd4d,6571.2,fac82caf,c05fb7e4,22c86f00
5b0900e6,6783.92,bd372fc4,c05fb7e4,22c86f00
4b5b8e3b,9576.05,4f8b07ec,4a48a802,22c86f00
802f075c,4248.41,4bbf4140,,2c1ff7b5
cffceadf,6979.72,77543aa3,,2c1ff7b5
90dbce1b,8374.02,cec9022c,52f6ab9c,e8246a33
279fbeef,5513.94,22426482,47f8e056,e4b11434
14c477fb,5172.99,838aeef5,f3fb8ab4,e4b11434
67dd685d,9871.53,5ab65c28,549b19b0,e4b11434
f303a0a4,4175.11,bc0a763e,894c2497,19e8a681
62195ee2,9717.76,aadb4af3,894c2497,19e8a681
5e281bd6,4435.81,e09f4c40,894c2497,19e8a681
e83406cb,3107.54,b6528def,894c2497,19e8a681
516f17c0,6772.19,7e1ca920,894c2497,19e8a681
08ee0bcf,1464.76,ef4b6b8b,9ec2a77f,6cf2399e
2717c9ac,3956.23,54b3eae7,a8eaffbe,60cc9183
3791a40c,3330.15,dcfeadd5,,49749551
b2de5f1c,9009.11,c0e9341a,60491a48,5bf25f04
824f7165,358.93,8ab2c796,60491a48,5bf25f04
a3032ea9,7185.03,5b649bdb,b0062d4b,5bf25f04
dd50dd42,2670.31,a4d62df4,,5a4c7e6e
a8e5dc2d,4418.41,b8447b49,,5a4c7e6e
f252f7c9,5296.88,c65271b2,,5a4c7e6e
44dab854,1705.08,97b4dcb9,,5a4c7e6e
f7d98bdb,3188.67,c03b886e,,5a4c7e6e
03995a36,166.77,958a7ccd,70718070,b2075da3
84f8fb21,8822.08,facf2e61,e5a87c38,b2075da3
92bf27b4,6701.93,a046ec5c,a58706b7,b2075da3
33e2b209,2502.92,912d34f6,70718070,b2075da3
98c49cfc,4.43,26cfb566,9ae78762,5c1cc32d
897090d6,4032.49,c9a76e05,1f21c5c5,5c1cc32d
b0fee4dd,3965.04,2cf65364,e689f9fe,b5081b8c
245b08be,1765.37,1bfd51eb,e689f9fe,b5081b8c
fe787839,1557.86,aff9d1b9,e689f9fe,b5081b8c
c180ecfc,5450.37,7e7cb27e,,4a0c3d5f
e2fb170d,7491.63,defa7e3f,,4a0c3d5f
99cbf57c,409.82,ed34f722,,4a0c3d5f
1c9001c0,384.18,524b866b,,4a0c3d5f
d0a3345f,2306.72,64385021,,4a0c3d5f
2c852beb,1679.7,d7c39743,,62237c6d
443fd279,8357.78,89ef4f81,b9f613b4,11b89334
9af7c21a,8437.17,5ff53f28,b9f613b4,11b89334
c53855ed,783.73,b05f698b,,7eb89dd6
b9446285,95.06,653813ed,855074b6,72a10dc7
4e88ac91,9772.56,c49b857a,3049c6fe,72a10dc7
96e59721,5299.04,f34484ed,3049c6fe,72a10dc7
bc940d8f,4022.25,083593bb,,364403ab
1a46029b,256.11,77e81a43,751befe8,d3b1ab90
7e8c1843,22.14,2af091be,751befe8,d3b1ab90
8be83a60,1622.15,b39ffb61,a8614e23,d3b1ab90
e841d923,7683.49,fe403c7a,,988f2177
f7fec29b,8608.99,9582eca1,,988f2177
564d3202,91.13,40e17234,,988f2177
f61d7a2d,6398.17,9cc49cd0,6ab2bff1,d7f23dec
f3854029,82.25,f9f8ab78,6ab2bff1,d7f23dec
a5a68aad,9132.24,474b6d9f,5fe43c9f,cc47844f
fe09c440,6761.75,ffcf1121,5fe43c9f,cc47844f
2689c35d,3342.01,9ea346ca,c3b09674,cc47844f
d9a3f3dd,6519.17,9e8467bb,40e07cd9,5f582513
af2f3b95,689.8,4bc1bf77,3946e082,5f582513
02c0c92f,2453.35,8934e1cf,40e07cd9,5f582513
592b12ff,5963.94,c735218d,3946e082,5f582513
61b89cb6,6612.59,30d0971b,3946e082,5f582513
b4d8e50c,4867.27,56e55ce0,8d308865,c08a4cfc
03b47cc8,7083.17,379f309c,8d308865,c08a4cfc
b91a3f99,7572.26,aef4568f,8d308865,c08a4cfc
f1d8a241,5952.27,5dc492ce,1c55c21a,dd94df27
2364b3b6,6991.47,ecbec506,f0684168,7818118c
2f38261d,9243.65,a5d23c18,f0684168,7818118c
08e3e69b,673.98,8c3bdaf9,f0684168,7818118c
f0349efd,3212.1,d025a5bf,f0684168,7818118c
8d557674,3564.24,c3359e99,b7a6bf7c,367e41d0
9f33b715,3482.27,545c8f41,b7a6bf7c,367e41d0
e9372325,3700.09,a7deefc7,b7a6bf7c,367e41d0
65171687,7271.38,405410ba,8ebe1a8d,d6717efc
75932287,5204.16,4de7ef96,44095226,d6717efc
77c7f24a,6345.66,6a9b7026,44095226,d6717efc
cc3a8ee3,3120.07,ac702362,,8091d649
e2bd658d,7977.36,039b76cd,,8091d649
3113a55f,668.49,70af5b4c,,8091d649
3bc63007,3562.31,02b3ad0a,0cd5d2b6,be17f0b8
3c520410,2278.95,bfac8d29,0cd5d2b6,be17f0b8
6b1a199c,404.79,ad9d1abc,0cd5d2b6,be17f0b8
d09e1356,546.93,eca41e45,a6258304,03acd9df
163ef082,8733.48,11e8e8f2,a6258304,03acd9df
51e008db,5952.78,74a30561,81c0f762,03acd9df
04b5b3eb,538.32,6de809f6,a6258304,03acd9df
0881af2b,8982.98,d093a021,81c0f762,03acd9df
d9c81600,6642.99,ae7c8ee2,616eeec1,47345c30
2b270dcc,5464.07,f3f0bf07,8426f9b9,47345c30
e4432a68,4881.02,26d8d8b6,616eeec1,47345c30
619f7dd6,1473.65,da01a2a6,616eeec1,47345c30
ccbb9023,593.9,c309a722,b79d04e7,240f3dd0
78a9cbba,5208.63,a3119b98,b79d04e7,240f3dd0
0e4f3265,2832.35,1b4a99e9,f8878a8c,240f3dd0
0276c5c9,225.4,44696cc5,b79d04e7,240f3dd0
57c8e73f,840.16,97834055,d8cf1646,7e19de66
797746e6,5921.81,15e43efc,d8cf1646,7e19de66
163fa0ed,7462.01,f0efb897,,c65261ed
3b1f1c24,720.17,aa7f9d2e,06bc43f7,42b4c71c
6378f446,1012.93,9c84c11b,df12106a,42b4c71c
44ae5872,4041.26,4fcd2444,e6c9a96b,ac686881
f9aa3e41,656.45,38ae8f4e,e6c9a96b,ac686881
16738655,2292.26,dab7872b,979b51e6,ac686881
ec7d4638,7987.79,863649fb,979b51e6,ac686881
2fff5d8c,5321.42,0df37467,435bcb72,832d5dac
bed3bc68,4830.71,cacb2478,2c396244,832d5dac
0cf4c75d,3348.75,fcca48d0,2c396244,832d5dac
ab657ba2,5397.73,12989f86,,a5788c63
d1a30d38,4523.49,53c40d38,,a5788c63
fe669630,4016.25,d177adff,9143067f,b56cebcb
16db9f16,215.86,0e9fba94,9143067f,b56cebcb
cba2c465,2132.87,eecc2eef,9143067f,b56cebcb
760666fc,4869.55,252998b2,d441c8e6,ea237a29
ff76b650,6194.98,befb586c,b07b7f39,f550f5c6
0c9461b2,4951.69,3ff3bbf2,7aad6f01,75d7c716
3c5828f7,5844.0,498df3d0,7aad6f01,75d7c716
c9f0d5ad,8609.84,a87a78a4,4d1ce3c5,dd9393e1
23e60c96,4571.9,d3e6b4a2,4d1ce3c5,dd9393e1
ede60b3d,8794.33,1bcf5b99,,5cccc9da
7c004deb,2060.01,10238de0,,5cccc9da
55295bb9,7444.76,3a632ccf,b8fefba8,dc83c40a
e9c9aa98,3084.15,bd041a29,b8fefba8,dc83c40a
2a3270c8,7803.21,a9d2b428,b8fefba8,dc83c40a
c4aff9f3,4213.04,5ec54699,b8fefba8,dc83c40a
73521bfd,1773.75,1db5e8cd,552acc16,306745ff
7fefaa76,9174.48,1d33472e,552acc16,306745ff
af7ba088,6086.49,043ad218,552acc16,306745ff
208a5e4f,4342.32,0ed6a136,a424be61,f766e845
4ff2ba1a,6280.39,0a1925a6,a424be61,f766e845
26105d45,7538.66,42791741,117d169a,d6936325
ee9f78af,54.29,e3775059,117d169a,d6936325
16653c05,2282.28,d6cd48be,,d34c086e
49219957,1876.75,06d142d9,422004a4,418e254d
7500d4c7,1255.94,2a46b7fa,422004a4,418e254d
71eb8a46,8735.13,d8b6026c,,ce268d2f
dbbd26aa,9689.82,23bc9b38,45a76ff2,93ae5bad
543d0c09,594.1,f1475e13,45a76ff2,93ae5bad
3b5396c8,9640.52,b9d2fdab,03e1520d,702da18e
8c1c32a6,5797.93,07d98751,03e1520d,702da18e
6022cb41,3094.22,5400fafb,ce17ec71,dece3668
377756d0,6372.9,83d26639,ce17ec71,dece3668
46cf3c2e,5890.15,84e918ac,ce17ec71,dece3668
f2431690,227.83,cfe14ccb,,6ea09f72
e423f4d1,5361.79,0af8f779,,6ea09f72
e265ae93,4862.58,e60be74a,73d2898c,39b2d791
d2486997,5537.57,f3cede57,73d2898c,39b2d791
46395ac7,3110.13,3f483ca9,,d2a7f71f
f35ca328,7471.36,9334cbb1,,d2a7f71f
a4dd9716,332.62,20371415,,d2a7f71f
d491be64,7596.78,82aa1f95,,d2a7f71f
589fbbc2,6882.94,bc79edec,72f6681b,a4907cb2
83a5bb1b,6481.51,a97f524d,11a860bb,a4907cb2
53380de0,1536.46,37207b83,05947024,1417fdcf
56f00f04,2594.14,a21a6a8f,05947024,1417fdcf
172ecfd7,7370.4,2b1d6d29,05947024,1417fdcf
fbfad21a,8570.6,bf9921f3,05947024,1417fdcf
151267f4,6880.64,0cacc67d,2528d850,663f68d5
540dce2a,8936.04,f45267d2,2528d850,663f68d5
e8eeb44b,2286.72,be6f22ef,2e0bb430,d201563e
55941391,3298.1,ee10bcc4,0a7bf9b1,d201563e
d3c33e70,3148.97,d8043b80,ee9c9eab,0dc70a70
59a48627,2227.48,0465bcec,7aaf5142,ae67c2c4
0eac8b65,1674.68,ac27c161,04541066,31acb19b
f59d9682,3530.38,ee3c6038,04541066,31acb19b
4bff09df,6163.52,879d8d2c,04541066,31acb19b
420ef644,4468.53,1aba2622,e5d96336,b7b924a8
bd9c5795,9396.41,00cafade,2e16444c,59e20df2
19a29028,344.26,37bc2156,cc00c574,59e20df2
460356ba,4928.26,c454213f,7ecb3e1a,4380ded3
30593801,9236.77,c460bd26,b59b88d0,4380ded3
bf03458d,779.62,8a34ac57,,023890ed
aea5f504,1951.09,3f7559f7,,023890ed
2c3e9977,5030.83,7569230d,,023890ed
7848ec67,7077.07,95bd5a0f,,023890ed
62fdb252,3538.81,a137f965,a2f8830d,ad407bd9
ea13ba90,787.31,9bb3831c,a2f8830d,ad407bd9
e0e9c670,920.41,1c5229f8,91a154ac,9ec813ec
3e36be3d,8671.94,20e6960a,8d5e640d,9ec813ec
63249d27,8630.02,0d733ab4,85442a07,9ec813ec
bb0f5551,6394.61,422deae8,8d5e640d,9ec813ec
5b0557ec,1350.05,424b6119,285914df,e021d58a
60cc8e6b,9775.99,4537017c,285914df,e021d58a
442a6dac,4409.2,d382df81,285914df,e021d58a
2f2cc026,9283.22,01f18937,f41643fa,e021d58a
c059e0fc,3679.35,0207dd95,,0a80e56c
66a63849,81.67,bf6d2724,,8b5028f2
cbdcf336,6468.05,4bba7794,,8b5028f2
abb818fe,415.11,b38a9533,3055f75c,6847b4ec
1131f574,3445.33,b7a2635e,0f98d8a5,4c753e19
927aec1a,340.59,bd25c6e0,0058f595,eaa360e2
1fd4a722,643.49,8df21c42,0058f595,eaa360e2
24563fe4,46.52,05737b23,1e4fb9ad,eaa360e2
940ae10a,836.76,fc78ecb6,0058f595,eaa360e2
897ca118,4592.93,65c4bd72,,01903b65
666a40f1,2890.11,c5c3f3b9,,01903b65
7ba7038e,3425.42,b973baca,4f8c3a6d,3a867d8b
801b3a2f,7893.55,4e826be5,4f8c3a6d,3a867d8b
6a9d66aa,3591.47,51c66c03,4f8c3a6d,3a867d8b
74587ed8,9863.19,1d55e969,ce2a8ed8,a0e5b39d
22d9659a,956.16,5d640e1c,ce2a8ed8,a0e5b39d
a3b89417,976.31,0e0d3c8e,0006f205,a0e5b39d
e2b1efd2,7872.57,88dd1ac9,bd5de97b,a0e5b39d
e3f11a05,8718.83,eccc7667,,579ba526
5a76a29c,5463.14,e1de4cd0,,579ba526
7dfb08c9,2218.1,af3b9576,a6d6b9b0,8a47cf0d
6e8a5ae6,1227.15,0fa59ba5,a6d6b9b0,8a47cf0d
7148cfff,5933.46,f755203e,76e953c5,8a47cf0d
9a91b522,4019.0,40aee413,247da392,d6f99531
f22d5746,3964.27,e6fbff22,247da392,d6f99531
92e4d59b,3812.15,4a2e1e56,8b24b535,d6f99531
ea1463ac,6252.27,c2b74798,1a2049c4,d6f99531
58ff8cc8,1913.23,e325aabc,e8079fda,ddae807a
2272aa1e,9353.79,97d7162d,e8079fda,ddae807a
fca90556,1235.17,7955efc3,e8079fda,ddae807a
d9d947ef,156.64,ddbc4dcc,11cd1dc6,d94251bd
3ce482df,8981.67,c0826877,355a4102,d94251bd
4ec1dfb8,225.81,a3681e8d,355a4102,d94251bd
f5648bbd,128.63,44540e10,355a4102,d94251bd
751af09f,629.92,3e2a4cdd,11cd1dc6,d94251bd
27cbc979,1034.66,e4d55fbb,6cef2560,d8428dea
3a5909c8,2914.89,7118615e,41bc3db1,38d4aa90
1a3352e9,6118.22,3bb8555f,41bc3db1,38d4aa90
e6c7f71e,6789.52,226f28d6,41bc3db1,38d4aa90
ab2e6dfc,5692.04,6b537018,41bc3db1,38d4aa90
c14685aa,947.44,8ad2e924,ad60fd26,5055fae9
e95602c6,9072.53,f5dd107e,ad60fd26,5055fae9
dbc28bda,1462.04,b3669a6a,ad60fd26,5055fae9
c3d44354,8272.4,26b9a8d9,f0f7741a,de6ed51b
986fb6e2,5266.91,f2ae9bbb,ddd5aadd,a8c4725c
193ded3a,5375.24,d2a16222,,657fd5cd
eed41bd0,9797.5,161710bd,,657fd5cd
7edd8030,4034.53,a32ccb8e,,657fd5cd
69e51f1e,6525.66,f4201246,,657fd5cd
8efa960b,3280.31,764df420,,1d039827
2c5273e3,7356.19,e13e7136,,1d039827
d2113d2b,7874.51,aa4b96a3,,1d039827
b47ea7b5,2054.23,8cdd03ca,902833f0,bbc4159c
a15adad9,1467.2,b2746d69,902833f0,bbc4159c
763d642d,1651.27,3aa41fcd,8be125f2,0df4032b
58359995,2039.57,b2602f54,8be125f2,0df4032b
1fc70db4,4912.62,8270b600,8be125f2,0df4032b
64a4eb82,499.83,6aac722b,,0f5a1d54
f6c9ad21,848.21,0eb10248,,0f5a1d54
eed2e133,5188.33,18160ebf,,0f5a1d54
c195cd17,3156.13,8db4b630,,0f5a1d54
09c4088d,61.83,a3d3fcba,b77c372b,20a383a6
510539b5,6587.49,ac037ac3,b77c372b,20a383a6
f7140aab,2563.6,421c828e,b77c372b,20a383a6
5d6db101,6393.07,2507d532,8112bc43,2ee9ce39
a28b4ebd,9053.68,b8b00f08,f6349bd4,2ee9ce39
c431374f,6021.41,075f101b,f6349bd4,2ee9ce39
ca5b5229,613.7,96f85940,5e6aee57,2ee9ce39
61cbb4c2,7984.15,d31ba3ca,f6349bd4,2ee9ce39
2ffde2e6,585.63,da6bcc8f,e96b39a5,161eadc0
7b46c723,2081.05,1f19a742,6637a093,161eadc0
5117ab69,1499.55,e26bae26,6c995788,7a3dcb25
3d34c199,137.31,52514f47,6c995788,7a3dcb25
246a1d3c,8892.9,8a294599,6c995788,7a3dcb25
d71fb1db,2199.59,98a88eb1,6c995788,7a3dcb25
43f4dc49,3975.59,84d9a006,,31f64d00
a8e8b62c,734.68,c021d1f6,,31f64d00
185c9e2e,7558.3,916c35e9,,31f64d00
42146d2f,8206.52,af07265a,,31f64d00
7112fd0b,1440.92,04a5240a,e9bf2553,e9b4edf6
2d91a332,5883.64,6f666195,6f114156,e9b4edf6
0255764b,9078.63,f8d99ae4,94659fd5,9ae16ec7
79c5c73d,1800.41,f6f90727,94659fd5,9ae16ec7
3ac15e44,8473.43,1da5db7e,,2dc81f4f
eac26274,18.72,5a198a4c,,2dc81f4f
544a0145,1016.94,d436877d,,2dc81f4f
f94d04a5,1650.12,fab71606,6a6bcebf,ba0acc17
6af68df7,5474.42,c5960ce7,f3146b21,ba0acc17
dca3dc84,4017.99,589dd406,c0e68720,75af0ae3
cf596274,6014.57,0cf59dde,c0e68720,75af0ae3
9d1bfd44,1041.49,48801951,,62af081f
fc925d44,2819.55,cc48d2bf,5eef2623,76c5acf4
ec18f440,2175.78,a39b5ba1,7f249ec5,7efdf2f1
be060040,9675.35,5c0445b8,82917381,baf6332d
ea3838f0,3741.4,cba729bc,8afba456,baf6332d
cbf0809d,8058.22,fc9818a2,a8a8f762,1bc0f313
099e77ed,3518.44,be9d3925,ae4a3fd3,5efad722
a7823b68,6053.89,9b86521a,ae4a3fd3,5efad722
69a1f4fc,3082.83,6d0e58a8,10bae5a5,5efad722
cb9b55e3,9674.06,082c385f,ae4a3fd3,5efad722
0fcb5f62,612.18,b5540071,,7ee4fd69
07858cf9,9924.47,7ea564f6,,7ee4fd69
8930f05b,2329.91,dc802829,06bc43f7,d61228d6
8be99d19,9626.0,7c17fe5e,06bc43f7,d61228d6
e9d29424,969.97,13b78f2a,06bc43f7,d61228d6
80ade205,763.12,0fb60634,,18a75d56
ae9c70e4,319.15,e9094f88,,18a75d56
bac986d9,970.67,90e70700,,18a75d56
11d00721,7698.76,df637eb9,,08ac785b
7137be65,5308.38,dedb8e20,a857c078,123925e3
49cad861,106.89,c7c61025,4f2bb65e,bf5ffc0a
e5a53cf2,5833.23,fdf6dc85,4f2bb65e,bf5ffc0a
b5613b85,6894.74,19c6ac2e,4f2bb65e,bf5ffc0a
0f6489cd,695.73,3212008d,,14fe1c4b
b4aa4d92,9204.06,313b7093,,14fe1c4b
3f29a52e,3368.02,e7a38622,,14fe1c4b
abfbf1b9,4978.3,8461972c,,14fe1c4b
c5b28a23,4287.6,c4e5d4e4,a0aefba8,cfb75307
c69a9162,3052.57,ab6bed5d,d5ff11f0,2f25edbe
cf18c3aa,7797.6,010d785b,d5ff11f0,2f25edbe
2b0122d5,2269.54,efb4b53c,aa049b84,91cbf84d
fedff71f,817.27,b574f744,aa049b84,91cbf84d
e2d029ee,5837.12,61b3dc2d,5427626c,91cbf84d
c7ec2a82,7940.0,d96e1a00,aa049b84,91cbf84d
8b51d16c,5106.97,746d825b,5427626c,91cbf84d
aa16ebb0,9886.84,0d2d141a,4f261591,aeb28ae4
2604f136,8087.08,32a56fb1,cd4fc795,aeb28ae4
7b3165ae,8288.18,8117bf0b,,61ffa8c9
6be5e08f,5400.83,e35125bf,125e64a6,2b7768e0
615ed09b,1589.22,76219f7a,fcfee4e4,2b7768e0
95356115,6388.38,27b8dfc7,fcfee4e4,2b7768e0
e949a7f0,6107.61,78525cc4,ca9b50fe,f31d8941
b710762b,3333.75,92b592ab,ca9b50fe,f31d8941
66d346ef,7639.19,6fe6b3b8,,ecf5943a
1499f387,1324.05,bb23b466,,ecf5943a
9f5353df,5186.59,5f2f55bd,,05e335a3
0ef28f82,9780.92,043d274c,7343acc3,677d0430
d891400d,46.01,2a3d90c1,7343acc3,677d0430
5ea93edb,4421.54,5d28183a,,4b5edb66
02ccc51f,3697.94,46dcf4aa,,516c2d7e
744dcef4,3091.11,076fa681,,c6c37b39
017eb0a7,409.3,aa6de596,,89df0d89
e3a22a96,4407.19,44186822,,89df0d89
b48825e4,2581.71,c220e789,,89df0d89
f28becca,6357.3,e3343ec1,,89df0d89
b9748632,7351.26,a7dbb407,f70d90e7,275fe48a
a40845dd,2925.24,fa703cce,f70d90e7,275fe48a
5b9f7234,6764.01,f7868f67,f70d90e7,275fe48a
4ff0e76d,4797.88,431c0ea2,5591b76c,c98b3783
c5ca925c,3570.46,d41d9715,5591b76c,c98b3783
29860600,3478.71,f90423e0,f1990335,c98b3783
aa863db5,5244.47,b1334d80,f1990335,c98b3783
5d9ddbf1,1535.8,169e6de5,7fd2cd30,9f0142a6
be887360,5253.66,3986ade7,7fd2cd30,9f0142a6
397ceb3b,2609.21,d635390a,7fd2cd30,9f0142a6
d8cdeb74,5982.62,f3ae9dd0,b30d45f1,7078e3bd
3bd81ed6,903.79,6712822d,5b4948f7,7078e3bd
ad47011c,1525.28,191d890c,b30d45f1,7078e3bd
3a165d81,693.7,d102941a,b30d45f1,7078e3bd
5de32444,952.81,cde42dcd,,bb1abb81
d7e40afb,4586.12,5c2e6c5c,,bb1abb81
0963758f,3582.95,1db0400d,424add53,f44a5db3
087f7b2a,1216.75,79efb9a4,424add53,f44a5db3
4c527042,848.34,335a0431,,76a9c337
a6396b78,9945.01,b9dbe30a,772d8e27,25ecd583
d1dee924,7316.27,d6636231,11ab2493,c2b962a1
63578185,1711.73,e8a8af9e,4f7f8880,c2b962a1
328ef09f,2413.31,7d7672f8,73ed9b71,9b559087
03c1654d,3.15,1c28f4ce,b38c20ff,9b559087
089d251e,790.99,5e99cb8c,73ed9b71,9b559087
5f6d764e,4267.05,b51e714f,7018928b,b7643182
415be098,2007.9,dfe0a836,970227da,b7643182
eeeac04c,5443.8,c0bf8880,ab09e8e6,e245a17f
458e1dca,363.81,7ee08f60,ae662253,e245a17f
4fb3587a,9584.29,640dc2c6,ab09e8e6,e245a17f
0383f211,2380.01,84ee3a20,4bfd52da,950df497
205eedcd,2955.04,ebbeeb00,4bfd52da,950df497
caf9660c,9798.86,b10ef172,4bfd52da,950df497
af172547,3921.98,b4d2ab65,4bfd52da,950df497
5b62e629,788.21,51cd8930,,39acdcdd
9b0c3abb,3547.16,dec820b1,,39acdcdd
05664d23,6688.22,5b124c56,f0229139,eba9b092
9787a933,3247.03,ee864538,3718a90e,eba9b092
797ebeff,8099.04,410d46de,b977a15d,2a41a7f2
06d8aef7,7415.82,4871f22f,b977a15d,2a41a7f2
451d9266,2789.51,ae272a0b,f2770f3c,2a41a7f2
a11f26ea,1168.47,9bf653d9,07d84388,a98cb533
70c0f85a,947.36,d5e84c17,5caf4507,a98cb533
a29bfade,910.26,db9afd9e,07d84388,a98cb533
c6cd2796,3375.2,e17c894d,,361f3cd1
6303f2e1,9543.01,95116ce6,,361f3cd1
194ef371,8989.9,38d43ba2,,361f3cd1
a91a443c,73.6,b2192c58,,361f3cd1
f97fb978,4179.1,f3540179,,604861cb
5abc9c43,7713.12,5c9962d3,cba68f4f,8169fc87
adb0a7d1,3346.71,bc4037c2,2799b97c,eb29daea
44ae6e10,1070.96,2ffdb1bc,2799b97c,eb29daea
61976240,8209.0,10388e26,2799b97c,eb29daea
147a92a1,2990.18,5762d57e,2799b97c,eb29daea
f5020dea,6579.51,1d782988,8e2920c3,54f5e56d
305a2aee,22.09,e8e53d59,8e2920c3,54f5e56d
e05013c2,3010.41,e661cae5,8e2920c3,54f5e56d
77e6be6a,178.01,3f91b25b,7d7e6525,ea94658e
49decc6c,6834.34,0e5bc9c7,7d7e6525,ea94658e
34d5cdf5,9530.28,989f52a5,f61c3c17,66b4b964
a2e2d241,5250.86,f410f768,f61c3c17,66b4b964
641f2072,109.74,6591752a,95fd9545,3930b33c
3d17bb81,7305.1,da6431ab,95fd9545,3930b33c
679cd9fd,3240.91,d5c5ed94,95fd9545,3930b33c
aab01039,891.68,b66ef648,95fd9545,3930b33c
f8060fc5,2688.21,f4377b63,95fd9545,3930b33c
4684728a,3838.64,c255b1a5,dd6c0b6e,08d3fcfa
add0ea7f,1500.04,17e3f330,a8282f2e,f5c138eb
cb4dae3f,9624.91,f341f9ee,962dd0eb,f5c138eb
e2a13c1a,6503.81,e6706cbf,,4581a8e4
05372a13,3010.2,984405c3,0d49a6cb,26a11e23
32acaac1,4666.27,c45ec361,,31f94759
