pol_id,start_date,end_date,type,premium,insurer_id,insured_with_id,veh_id,add_id
09e469e6,2022-06-30,2023-01-18,MEDICAL,,cca5a5a1,cca5a5a1,b306d1a8,16febaa0
d67e55fd,2023-01-06,2024-10-11,MEDICAL,,85776e9a,cca5a5a1,85940927,16febaa0
adf20806,2022-10-11,2023-10-11,MEDICAL,D,71eacd05,cca5a5a1,6b5f5241,6d16ee18
b2d650af,2022-10-25,2023-02-27,LIABILITY,A,1db53334,,391cf046,6a174c1c
72d3cc5d,2021-04-05,2022-12-07,MEDICAL,,bb0378eb,,95bb440d,0202861c
385af463,2022-07-28,2023-06-30,COLLISION,,bb0378eb,8ef066d4,95d18051,0202861c
101bb5fa,2023-01-06,2023-03-12,MEDICAL,,f4dd05d5,,27f9e728,6c0be55c
a31034dd,2022-08-18,2023-03-27,COMPREHENSIVE,D,f96d4403,7a089ca8,71df24d9,6ab01563
0ecfb95b,2022-05-26,2023-12-20,COLLISION,C,7a089ca8,f96d4403,6acf49eb,6ab01563
4b1678e4,2022-08-08,2023-12-19,COMPREHENSIVE,B,7a089ca8,f96d4403,f344c911,6ab01563
e25e6512,2021-04-06,2024-10-10,COLLISION,A,3d6e2667,,9cdd9f6c,3dbba3af
1f2de275,2022-03-11,2024-05-19,MEDICAL,C,3380dcfc,,1e454241,bdee9231
b76fc5b2,2022-08-15,2025-01-08,COLLISION,B,3380dcfc,,483c1a4e,bdee9231
11091978,2021-01-29,2022-01-14,LIABILITY,C,7b1d4049,21ee302e,f8db1a4d,0b82b61c
376e22a6,2022-06-19,2024-04-05,MEDICAL,A,7b1d4049,7b1d4049,5ba830dc,0b82b61c
fc9ea692,2021-09-18,2022-06-19,COLLISION,C,ab1e6794,21ee302e,61f68c6e,0b82b61c
8805ae31,2021-01-27,2022-10-24,COMPREHENSIVE,,ab1e6794,21ee302e,afc8128a,0b82b61c
e642965c,2022-11-30,2024-05-31,LIABILITY,,49c94aa5,49c94aa5,bf5545ce,aa099a46
909b471c,2022-10-18,2022-11-01,COMPREHENSIVE,D,49c94aa5,,5cfa38b1,ae6b4c8e
76d142d0,2023-01-07,2024-09-05,MEDICAL,A,6f446806,,e994f3e6,b38e5adb
c29ed120,2021-12-05,2024-08-20,COMPREHENSIVE,B,6f446806,,5cba9be3,92b95731
60c8e5a0,2021-10-20,2024-03-23,COLLISION,C,82f1240d,ccd9f2af,d7604342,c47e330e
0a515e87,2022-09-17,2024-09-23,MEDICAL,A,b22b8974,,cc4e66da,9c921e7f
da418b24,2021-11-19,2024-07-18,COMPREHENSIVE,A,6862dc24,,647640a1,c0e0d55b
f9fb4010,2021-02-09,2024-05-16,MEDICAL,D,6862dc24,c6f149c7,1ad566c3,9c921e7f
2b2bcfda,2021-04-15,2022-06-03,COMPREHENSIVE,,1c3c8d35,1c3c8d35,0938ad77,83719849
b8f35c26,2021-01-27,2021-07-25,LIABILITY,A,867a4ac9,1c3c8d35,ad0cabfc,83719849
1ee1723b,2022-11-23,2023-05-05,MEDICAL,D,211e55c3,,eed15368,4879996d
568d6f3e,2021-07-27,2024-09-23,LIABILITY,A,211e55c3,,ae5ceb3d,4879996d
fae3fcee,2021-11-13,2023-07-09,LIABILITY,B,211e55c3,,90de6fba,4879996d
705bacc2,2022-03-28,2023-10-02,LIABILITY,D,7a2be049,,d89331ac,6951743e
039d60ba,2022-11-28,2024-04-13,MEDICAL,,8abb572c,8abb572c,2a9e9a38,4ef0ba9b
881d0ee1,2021-02-07,2024-05-15,COMPREHENSIVE,,a94a29d3,,3567c813,b311d9c4
cbae0e93,2022-11-26,2024-07-14,LIABILITY,B,a94a29d3,6ef4d6b4,26b18865,b311d9c4
a0a1f43f,2022-05-09,2024-11-12,LIABILITY,,a94a29d3,,3a0879fb,a83299e9
d4ae3486,2022-06-03,2023-04-21,COLLISION,B,0a78491f,,49adce95,208a888e
024d65de,2021-08-15,2022-09-11,LIABILITY,D,0a78491f,0a78491f,0d326347,208a888e
188417d8,2021-10-03,2024-11-14,COMPREHENSIVE,A,d813a70f,d813a70f,052ba051,835875c3
0a833038,2021-12-10,2022-06-25,COLLISION,A,214e10ee,214e10ee,385127f1,a6d5eb2e
e1976c14,2022-06-23,2023-03-20,LIABILITY,C,214e10ee,214e10ee,a62f45c2,00dd28b3
bcee7fb1,2021-08-22,2024-05-26,COMPREHENSIVE,D,63d85381,,e5b3a67b,9ab1874e
9d41a10b,2022-07-28,2023-11-02,LIABILITY,A,17426bd0,63d85381,5edd9aae,9ab1874e
dc786e74,2022-05-10,2024-12-30,MEDICAL,A,17426bd0,63d85381,e1289e96,9ab1874e
846736ce,2021-07-25,2021-08-21,COLLISION,A,c9e6e630,63d85381,bd3ccd61,9ab1874e
51f83e44,2022-06-29,2023-02-10,COLLISION,B,c9e6e630,18fa5472,5c07d046,9ab1874e
79101825,2021-07-20,2022-10-03,LIABILITY,A,f5f5b0d2,4d1df659,bcccc53a,9a3bb7be
a4b2f62c,2021-03-10,2021-05-09,COLLISION,D,7593afba,7593afba,a51e0bde,4896c62c
6689ef79,2022-07-13,2023-07-08,MEDICAL,C,11705ee3,7593afba,6f5714d7,4896c62c
be169d6b,2021-03-23,2023-09-18,LIABILITY,C,f56962c2,fd577cea,1a0408e7,a63cca75
a939e190,2021-03-20,2024-03-25,LIABILITY,B,f56962c2,,19a0f532,a63cca75
793c8d79,2023-01-15,2024-01-28,COLLISION,C,f56962c2,,fcb8f90c,a63cca75
dae3c720,2022-02-13,2022-11-01,LIABILITY,D,f56962c2,48674c9b,6c10f97f,a63cca75
f54e8889,2022-02-20,2022-09-09,LIABILITY,D,fd577cea,f56962c2,8d943a55,a63cca75
3a0aff49,2021-12-09,2021-12-21,COLLISION,A,5d4609ba,238bc512,ee9d0e10,a607dc9d
f35fda3e,2022-10-17,2023-07-22,COLLISION,,5d4609ba,5d4609ba,1d0820e0,a607dc9d
9c369f6d,2021-06-01,2023-07-13,LIABILITY,D,238bc512,5d4609ba,490004e6,a607dc9d
cc800b04,2022-10-13,2022-12-18,MEDICAL,D,238bc512,238bc512,2c071e27,a607dc9d
9af1b456,2021-12-15,2024-01-15,LIABILITY,A,eec6c987,7ada5a66,b8c0ace8,ba71d935
7ffc4eea,2021-08-28,2023-04-03,LIABILITY,A,eec6c987,7ada5a66,f281e24c,ba71d935
a7f83cd9,2022-02-13,2022-12-25,MEDICAL,B,eec6c987,,0947bf82,ba71d935
da77a75f,2021-03-24,2023-09-05,LIABILITY,B,5b33ffa8,444dd831,d85d37fe,48040c13
2f595bc0,2022-02-13,2024-04-09,COMPREHENSIVE,,2749913f,2749913f,7b3402f4,454b57c1
1dc11ea2,2023-01-17,2023-07-28,LIABILITY,B,66be149c,2749913f,8410ebdf,454b57c1
b6ec93b4,2022-02-06,2023-05-13,LIABILITY,,5606356d,3402a47a,2b44d7a2,9ba78849
beb6533a,2022-11-07,2023-10-19,COLLISION,C,cf1b0e9c,,d1dda656,e97a194e
dad107d7,2022-04-27,2024-01-01,MEDICAL,C,cf1b0e9c,cf1b0e9c,f45a6a87,e97a194e
ab39109c,2022-03-13,2022-06-25,COMPREHENSIVE,A,855f27d4,d2e922b3,209ae9d1,744d7325
ef9862da,2022-06-21,2023-08-14,COLLISION,C,4da72eb9,8f6262db,3fc9f149,71db0784
1ae3237f,2022-04-22,2023-06-09,MEDICAL,,4da72eb9,,7df8b7f0,71db0784
b2764173,2021-11-03,2023-02-02,LIABILITY,,4da72eb9,8f6262db,31dbd1d5,bc896faf
488d6a21,2021-09-24,2024-04-28,COMPREHENSIVE,D,7a440b34,,cccb4dfb,f323e434
c34c3f47,2021-03-12,2023-03-02,MEDICAL,B,7a440b34,,3b342529,7b6c0adb
27503d1e,2021-09-05,2022-02-17,LIABILITY,B,64851962,,d0576ddf,c6400708
f28cd582,2021-10-17,2022-12-23,COLLISION,D,64851962,64851962,b5a99074,c6400708
0166a72f,2021-10-11,2024-06-09,COLLISION,D,559a5f6d,c497449d,c43097a8,bc7300c9
993c47c3,2022-07-01,2022-12-03,MEDICAL,B,559a5f6d,c497449d,2a3ee0dd,bc7300c9
d756df58,2021-07-16,2023-04-04,MEDICAL,,9837e3c9,028f1175,6cd88823,9d02e44c
2ad735da,2021-11-28,2023-08-19,COMPREHENSIVE,A,9837e3c9,028f1175,1f32140f,9d02e44c
74bc0560,2022-07-11,2023-04-20,MEDICAL,C,45709961,,d4e3fd71,33b9426d
b0b03350,2022-08-18,2024-05-15,LIABILITY,A,45709961,45709961,4f219ce3,33b9426d
9ad02d70,2022-03-26,2023-04-01,COMPREHENSIVE,,ccd6126b,067988f6,34403f39,27ce5dba
4c831ff4,2022-09-11,2024-12-16,MEDICAL,C,8ca57731,,3cc312ae,5503ca91
9ec8c478,2021-07-30,2024-04-15,MEDICAL,,862ac9bc,f15fe2ff,0364180e,7c88ad60
aa7c044b,2022-12-30,2024-09-11,MEDICAL,B,74a4edef,5684797b,ef93a4f7,50464be1
b92ff26b,2021-02-22,2024-09-08,COLLISION,A,74a4edef,,22ee475c,50464be1
b6930ed4,2022-05-10,2023-10-20,MEDICAL,D,cd849403,cd849403,6b7d2713,c487af5d
89c936a9,2021-02-28,2021-10-30,COLLISION,,cd849403,cd849403,6f88c633,c487af5d
f850cbec,2023-01-11,2024-09-07,LIABILITY,C,cd849403,,4a8bdc5c,c487af5d
efac7228,2022-08-02,2024-07-27,LIABILITY,D,9a4c2227,,a6e880af,c487af5d
6b223250,2021-09-15,2022-08-08,MEDICAL,,9a4c2227,cd849403,a556df18,c487af5d
0495c348,2022-06-01,2023-05-07,LIABILITY,,7844e648,b0e0cfc9,7d1271b7,3d384383
f11433a7,2021-10-30,2022-01-21,MEDICAL,B,a7fd116e,272c763d,47a1d7c7,eae9c546
a77440d1,2022-01-20,2024-02-11,MEDICAL,A,62e32fee,03714752,743ad97e,82519225
a208bc2b,2021-10-09,2024-05-21,LIABILITY,D,62e32fee,03714752,934dafd1,82519225
eeb8ded2,2021-08-06,2023-03-24,COLLISION,A,f2d62fe0,,26371189,3f93c895
e2809a49,2022-09-11,2024-06-10,COLLISION,A,f2d62fe0,,5b7dff42,b3583058
adc446f7,2022-06-12,2024-05-18,COMPREHENSIVE,B,6b63619e,fd608ed9,6993400e,e2ab5667
a3399317,2022-03-19,2022-05-09,COMPREHENSIVE,,6b63619e,fd608ed9,e6437b65,73972e0a
9cd92293,2021-02-06,2023-08-14,COMPREHENSIVE,A,6b63619e,fd608ed9,b7bd77ce,e2ab5667
22fe927d,2022-10-01,2023-11-19,COLLISION,D,5f230e6d,,2743fd04,59b5b7a3
a54b2f00,2021-04-02,2022-05-06,COLLISION,D,5f230e6d,,ecbac14d,59b5b7a3
b65fd2fc,2022-12-10,2023-02-17,COLLISION,C,148fc94c,b90f8320,4dbd90c8,836ab7d8
a8abe4a5,2021-02-12,2022-07-26,MEDICAL,,148fc94c,,cd234509,836ab7d8
1a4b1ee6,2022-03-31,2023-07-08,LIABILITY,A,148fc94c,b90f8320,0aa57c75,836ab7d8
ca8162d4,2022-12-26,2024-08-20,COMPREHENSIVE,D,b90f8320,148fc94c,2ea29ca2,836ab7d8
5675cb03,2021-10-10,2023-10-21,COMPREHENSIVE,B,3dadba5b,,b51a5040,836ab7d8
ebae29de,2022-03-07,2024-06-29,MEDICAL,A,2e82322e,1b628014,39f098da,b809c164
0cc45f9a,2022-05-14,2024-06-28,COLLISION,B,2e82322e,2e82322e,9ace0187,b809c164
338ad4df,2022-07-03,2024-06-22,MEDICAL,A,2e82322e,1b628014,074af7dc,b809c164
c9237cb3,2021-09-29,2023-10-31,COLLISION,D,1b628014,1b628014,ebeb4a37,b809c164
d230ebcd,2022-12-21,2024-04-07,COMPREHENSIVE,D,1b628014,2e82322e,2daa0123,b809c164
f62bc9e4,2021-03-01,2024-08-04,LIABILITY,D,76a73dda,eaae3ff9,36aba819,9394eb11
03118237,2022-11-06,2024-02-13,MEDICAL,,76a73dda,eaae3ff9,ff05837a,65200e98
4c2269c5,2021-08-09,2024-02-23,MEDICAL,C,4f3d3132,,861cd2f0,544ee3e6
1d025dad,2021-09-03,2022-10-14,LIABILITY,B,4f3d3132,,bf5b52b1,544ee3e6
b55dc17a,2021-02-13,2022-04-12,LIABILITY,B,34d2573b,,1a44cf29,d171a798
34a25626,2021-11-10,2023-08-04,COMPREHENSIVE,C,e4aaf2b6,099b9a4b,c88ba627,d171a798
d2c9ecef,2021-07-31,2022-04-12,COMPREHENSIVE,B,e4aaf2b6,099b9a4b,d2ebae9d,d171a798
1ececa76,2022-09-21,2024-07-21,COMPREHENSIVE,,db2ffda3,db2ffda3,8861e46f,59bcecf4
dc309b69,2022-05-24,2024-10-14,COLLISION,C,4eb8ea9c,,addb5678,f6863ab0
200465b8,2021-08-23,2023-04-09,MEDICAL,B,b92f2288,b92f2288,0acc9b0c,40dafcb0
2bdeeefe,2022-10-26,2023-04-15,COMPREHENSIVE,B,1e63e89a,,c2959368,d04ed07f
a78a25da,2022-04-16,2024-07-31,COMPREHENSIVE,B,1e63e89a,b92f2288,4f9d9bbb,d04ed07f
00b35a92,2021-12-23,2023-04-08,COLLISION,D,1e63e89a,43a5da63,da9f4546,d04ed07f
72f28cf5,2022-03-24,2023-11-07,LIABILITY,B,a82c84ab,a82c84ab,795300f7,8a2a1b8e
05b03a35,2021-02-04,2022-02-09,COMPREHENSIVE,,a82c84ab,,4c6aee62,8a2a1b8e
a9c0fdec,2021-12-05,2023-06-18,MEDICAL,,6fda1a8b,6fda1a8b,67b41f78,9ccb8846
f01688e4,2021-12-02,2024-05-28,LIABILITY,D,6fda1a8b,6fda1a8b,15f66e23,9ccb8846
3271dcf6,2022-10-29,2022-11-24,COMPREHENSIVE,B,e5efdaa5,42b7c57e,84264520,0e22b629
79ff4246,2022-08-25,2024-10-10,COMPREHENSIVE,A,42b7c57e,d2d657be,cdce73b5,7c146f02
e5c5fb71,2022-10-22,2024-03-11,LIABILITY,B,42b7c57e,e5efdaa5,0505a80b,7c146f02
83448662,2022-08-22,2024-10-17,MEDICAL,A,41ee6cf1,75b19d44,85573355,b8b1205e
3e9f0945,2022-08-22,2023-07-11,MEDICAL,D,45f64f33,75b19d44,643b9776,b8b1205e
549cb47e,2021-10-14,2024-02-01,LIABILITY,,45f64f33,75b19d44,4aef728c,b8b1205e
b3353fe7,2022-12-22,2023-06-03,MEDICAL,B,44bffcf4,041363f5,c7d791cb,2c15323b
d203382f,2022-08-24,2024-11-19,COMPREHENSIVE,B,3fe81b4c,,be35a534,2c15323b
821096d4,2021-05-07,2023-11-18,COLLISION,A,3fe81b4c,44bffcf4,13169396,2c15323b
c68323a9,2022-04-17,2023-01-04,MEDICAL,D,453875f4,dd34d576,bc851c14,2d2d06c9
395d4e8b,2021-10-19,2024-05-29,COMPREHENSIVE,C,453875f4,453875f4,677ea36d,29bd9a88
1cc3f06a,2022-09-03,2023-08-01,COMPREHENSIVE,,dd34d576,dd34d576,b43d4820,29bd9a88
93345811,2022-05-22,2023-11-13,LIABILITY,B,dd34d576,,a5bad885,29bd9a88
687c817e,2022-03-28,2024-02-13,LIABILITY,B,fe5f2e3b,453875f4,2e0be868,29bd9a88
801941f1,2021-02-23,2023-10-16,LIABILITY,D,fe5f2e3b,dd34d576,7dd82bab,461e3ae9
3b4e134a,2022-05-02,2022-09-24,LIABILITY,A,a49778e2,a49778e2,e5c85b51,9c5ea35b
f56db9ae,2021-10-28,2022-10-19,COLLISION,A,d6b5059a,c8a4e006,6fe63236,e78824f5
e20cc7a8,2022-11-02,2023-04-15,MEDICAL,D,19c2337d,19c2337d,3367a0a4,3ebbedc5
4f25da42,2022-04-14,2023-02-18,MEDICAL,A,33dd4a2b,33dd4a2b,f546e1d0,121836b8
e1d49a09,2023-01-15,2024-02-02,COLLISION,D,d5ee9dd7,16a31263,5bf3e13c,b195c85b
0030f3fb,2021-06-05,2023-12-02,COLLISION,,d5ee9dd7,16a31263,931c8594,b195c85b
7976a0f9,2022-03-20,2022-12-19,COLLISION,D,52d40816,40f2bed7,33fd21eb,b195c85b
5ccd955c,2021-07-11,2023-02-01,MEDICAL,A,52d40816,40f2bed7,8556eaef,b195c85b
bf4336a5,2022-10-28,2023-04-10,COLLISION,B,058aab59,,3ad0c585,d98043a8
dec34099,2022-07-09,2024-06-25,COMPREHENSIVE,C,fb87cf23,,95f45a1f,cd8f1e8b
37c6c427,2021-01-19,2021-05-11,MEDICAL,,68d60b08,b112757e,ca657102,c801c67c
15ed9d8a,2022-08-16,2024-07-02,COLLISION,B,65b9af9d,,5ca5b513,f882006a
8e13c327,2021-10-12,2022-12-16,COMPREHENSIVE,C,22b5df97,22b5df97,4834bb3a,4af372be
14268795,2021-12-16,2022-01-14,COMPREHENSIVE,C,22b5df97,22b5df97,81e210ec,0a999085
6a686d6f,2022-06-10,2023-05-25,MEDICAL,D,22b5df97,22b5df97,87ea36aa,0a999085
af2dd8f0,2021-04-25,2022-10-07,MEDICAL,C,bedda067,,feb6a282,6f25cbe2
f22cfeb1,2021-09-05,2024-02-13,LIABILITY,D,1f1472db,,2aecdf5e,4e49720d
c896e2ea,2021-12-25,2024-11-19,COLLISION,D,2bf28b95,c9b7146e,172e1f60,01225ce9
6857548c,2022-04-08,2022-09-18,COLLISION,B,2bf28b95,2bf28b95,30cceeb3,01225ce9
0b7fc161,2021-03-13,2022-10-24,COLLISION,B,0fc27325,616cd40e,112a2174,980b5c39
bbd09a1c,2022-08-10,2024-05-12,COMPREHENSIVE,D,cef9ae0f,13ce2f7b,bc39066b,2080dd12
2d5ac28c,2021-03-07,2021-12-31,MEDICAL,D,181ba49f,181ba49f,6acff518,1a34e471
baee673d,2022-03-15,2022-10-12,COMPREHENSIVE,,767243a5,181ba49f,f25e89ae,1a34e471
8e02ddea,2022-09-16,2022-10-09,LIABILITY,C,e7f90dce,,b6d4af46,1050c962
748d738b,2021-12-07,2023-04-04,MEDICAL,,31c9ebb2,,4a169a17,b3b29a37
d8849876,2022-07-19,2023-03-30,COLLISION,,31c9ebb2,,d71a4448,b3b29a37
1cd3b7c9,2021-04-27,2022-12-18,MEDICAL,C,f79f4d15,55414aa0,29ec1824,b3b29a37
1acaa971,2022-02-01,2023-09-04,COMPREHENSIVE,B,f79f4d15,,cf5737e4,09596997
60d5e821,2022-08-25,2022-09-24,COLLISION,C,a5613b89,,d77bc9c9,cb7a7f7a
74c9118f,2022-04-08,2023-09-06,MEDICAL,C,a5613b89,3f1b63ad,65cab758,cb7a7f7a
49633a4b,2022-07-27,2024-10-05,LIABILITY,,cdce9658,53987758,d383ef52,20c4d3f8
6d989cc1,2022-11-11,2024-08-24,COLLISION,,93244a65,5a019401,5684a380,20c4d3f8
48e178c2,2022-08-11,2024-03-11,MEDICAL,C,1fa62862,44670095,65fdb2b9,0399923f
ed8f302e,2022-02-08,2022-03-01,COMPREHENSIVE,,1fa62862,44670095,53265844,0399923f
a9ef3626,2022-02-20,2023-05-03,COMPREHENSIVE,A,aa4a4a8b,,d3b8cf1d,fa4619f2
dad39cfe,2022-04-05,2022-04-17,LIABILITY,A,48d988a1,a375545d,ba1c28c1,fa4619f2
7f0cb2da,2022-12-22,2023-08-01,COLLISION,A,48d988a1,a375545d,1f205c08,fa4619f2
3fab8471,2021-05-02,2022-01-26,LIABILITY,,b8629d14,,61020a09,fa4619f2
21650992,2021-07-26,2022-01-30,COMPREHENSIVE,A,5056acbb,90d06d0f,74cead4a,255753d9
9b9f56b8,2022-05-21,2024-11-11,MEDICAL,D,38102725,78ec4ac4,2e079578,1e1eedd9
decf51f5,2022-09-01,2024-11-23,COMPREHENSIVE,A,38102725,,12d570a9,1e1eedd9
140ebcf2,2022-03-03,2023-02-27,LIABILITY,,a73a18a4,,bee9db39,b8a8d409
4605dc4a,2022-06-18,2023-03-20,COMPREHENSIVE,B,fe963e96,,49c7c9e8,b8a8d409
900a2b50,2021-06-02,2024-09-07,COMPREHENSIVE,,ccfba69e,a73a18a4,b2ae050e,b8a8d409
50e1fdda,2021-07-28,2022-04-28,MEDICAL,B,ccfba69e,fe963e96,9c0130a7,b8a8d409
0e1cae7a,2021-11-19,2022-08-29,COLLISION,D,12e6fb90,53fad41f,d44b5548,301f5124
938eff47,2021-04-04,2023-04-04,LIABILITY,,12e6fb90,,f31a3875,301f5124
b590d830,2023-01-08,2023-07-30,MEDICAL,B,5f069f91,2e499493,c322b4ff,b4703ff7
27a60355,2021-11-19,2022-03-23,MEDICAL,B,2e499493,,3b5a4257,b4703ff7
c5d1feeb,2021-12-14,2024-02-11,COMPREHENSIVE,,2c8271c4,2c8271c4,3aed3ef1,0157586f
045a1c04,2021-08-30,2024-05-04,COLLISION,C,2c8271c4,8fea8d99,fb2d92c2,0157586f
3ed2b25d,2022-07-04,2023-06-15,MEDICAL,,8fea8d99,,7ef1748c,0157586f
3023aaad,2021-11-28,2022-10-05,MEDICAL,,a27f0e23,e13b9a75,b427f0e6,8169460f
828b66a3,2021-11-08,2023-08-20,LIABILITY,C,a27f0e23,7ba55437,738a67ee,29bc0aad
8790e11d,2021-10-15,2025-01-17,LIABILITY,B,eebaad69,,d352f3bb,01de1868
0f82e007,2022-02-13,2023-09-27,COLLISION,C,eebaad69,,a0c460ab,01de1868
6d043ca0,2021-11-10,2024-05-05,COLLISION,B,eebaad69,,a7f1866f,01de1868
066b2e6b,2022-01-14,2024-02-19,COLLISION,,eebaad69,,bfe50d00,01de1868
ae3c3cfa,2022-04-04,2023-12-25,MEDICAL,B,f9af43d9,f9af43d9,718f9ac3,c550027e
bad0baf2,2021-08-26,2021-10-25,MEDICAL,C,35f690e9,34de4f24,7482af7f,efdc9584
8a8c150c,2022-02-17,2022-05-16,LIABILITY,A,35f690e9,34de4f24,21f2f77d,efdc9584
2bc72ba4,2022-04-20,2022-05-30,COLLISION,D,35f690e9,34de4f24,5f6543e4,efdc9584
43b0f2d3,2022-09-25,2022-10-12,LIABILITY,,c6d422b2,37b1b3c4,68e5f17a,9cedd191
9930036a,2021-02-24,2022-10-13,LIABILITY,,a31f5461,a31f5461,53d6faeb,7155e904
d2fc245f,2022-09-09,2024-06-06,COMPREHENSIVE,B,a31f5461,a31f5461,2bcdacf3,7155e904
53e04d41,2022-05-03,2024-01-18,COMPREHENSIVE,B,ed472d9b,e72e1b7f,a022f3b7,9bec11a0
1d38f988,2022-06-27,2024-05-12,COMPREHENSIVE,D,ed472d9b,7fc8c2e7,3263dd11,9bec11a0
da6c650f,2022-10-01,2024-04-24,COLLISION,A,ed472d9b,,582b943f,9bec11a0
bbfc4e14,2021-11-28,2024-11-15,COLLISION,,52b46ef2,2d5633bb,a8efc7f9,c82f1b36
64e036b5,2021-10-26,2024-09-01,LIABILITY,C,52b46ef2,,722219dc,178ed5d7
b4236475,2021-11-13,2023-03-26,COMPREHENSIVE,A,f7ba98b7,,52825876,63901ff6
cd973899,2022-09-25,2024-01-03,LIABILITY,B,42db17dc,,b51f93db,63901ff6
6ac4efcb,2021-12-28,2024-06-08,COLLISION,B,3b251899,,22df2127,4a20dad7
85b00402,2022-03-24,2023-04-26,MEDICAL,,7a860be2,,ee24e998,d3189500
08993782,2021-08-09,2023-08-05,MEDICAL,C,8fe0cb1a,,52ce2c28,d3189500
5b9a1294,2021-06-28,2022-06-20,COMPREHENSIVE,C,1357827e,,07546082,9b19122b
ecaf90c4,2021-10-25,2024-09-11,MEDICAL,,1357827e,827f2f52,f54608bd,9b19122b
be41ea56,2021-09-18,2021-11-06,COMPREHENSIVE,D,1357827e,,ab95a44b,9b19122b
1e0350fa,2022-12-28,2023-10-20,COMPREHENSIVE,C,8d61adb6,2380282e,998b2f90,a5da81af
6449761d,2022-07-12,2024-04-06,COLLISION,C,22d71432,00d1e139,1d1f9863,83ab80c7
d39fc0fa,2022-01-03,2022-09-28,LIABILITY,D,9de8f237,9de8f237,2396c5f6,ea471f3c
2471781c,2022-10-13,2022-11-16,LIABILITY,B,9de8f237,,ae0b3964,ea471f3c
5f2f363b,2022-05-28,2024-10-07,MEDICAL,,9f621663,3127ad8f,97f98b95,ea471f3c
231097ae,2021-03-18,2023-03-06,MEDICAL,,dcdcb839,dcdcb839,15c9ddc4,1b006c9c
25a20afb,2022-10-03,2024-09-16,COLLISION,A,0a33c8b5,5fc94ee2,be701c41,5af417eb
a5c3bd24,2022-06-08,2024-11-20,MEDICAL,B,0a33c8b5,a5e3c89f,9d9c857e,5af417eb
14d0e757,2021-08-29,2023-02-10,LIABILITY,,5a2d5998,b5b52170,2a8bc6f6,1a122092
eb5f0e5f,2022-02-19,2022-03-13,MEDICAL,D,321d0b21,,7ea5337b,c6ef05d1
4aa14f44,2022-01-28,2022-03-03,COMPREHENSIVE,D,321d0b21,321d0b21,94db2613,c6ef05d1
dad8b832,2021-04-26,2023-03-23,COMPREHENSIVE,D,a4153921,8929c172,1ae775f3,d5718bde
b9012b7f,2022-12-27,2024-05-13,COMPREHENSIVE,C,6fa3f946,6fa3f946,9b6d3474,aa823b2b
e7d3c191,2021-03-31,2024-09-01,MEDICAL,D,6fa3f946,7090ca8d,d39cb220,aa823b2b
f8b8fe14,2021-09-06,2023-11-23,MEDICAL,D,6fa3f946,7090ca8d,3aec435b,aa823b2b
fca8852e,2022-11-15,2023-09-30,MEDICAL,D,6fa3f946,7090ca8d,9e15f88a,aa823b2b
d32ebc54,2022-09-19,2023-08-21,COLLISION,D,a1efffa8,c79c0835,b50a2a65,ea4b0689
fd08f61e,2021-01-23,2022-01-12,MEDICAL,C,a1efffa8,c79c0835,39be3773,ea4b0689
ba2728c5,2022-09-11,2023-09-22,MEDICAL,D,a1efffa8,c79c0835,8c770580,ea4b0689
a0e86776,2022-04-27,2024-07-04,MEDICAL,,a1efffa8,,4a17ad31,ea4b0689
b0f732f7,2022-10-15,2024-01-12,COMPREHENSIVE,A,9dd176a2,c1f6c6b6,36379ee5,c5db2a8a
d15b83f0,2022-03-20,2024-02-18,COLLISION,,f31564a2,8ae9836d,6363b98d,e55766e3
3df0fff3,2021-12-04,2024-10-10,MEDICAL,A,f31564a2,,f3fcdd19,e55766e3
b1132542,2022-10-29,2024-01-17,COLLISION,B,f31564a2,,0424b468,e55766e3
3e2cdb0f,2022-10-28,2022-12-17,MEDICAL,C,f31564a2,8ae9836d,77d566df,e55766e3
cf176d08,2022-01-21,2022-01-25,MEDICAL,B,f31564a2,8ae9836d,ffb07b56,e55766e3
d693e133,2021-02-08,2024-09-10,COLLISION,C,f31564a2,,fd5fce63,e55766e3
e54901a5,2022-08-30,2023-03-27,COMPREHENSIVE,C,87927058,44038420,62680f46,90bf3778
9b13714b,2022-11-06,2024-05-31,COMPREHENSIVE,B,87927058,44038420,82dc31ce,90bf3778
dcf5a569,2021-12-27,2024-02-11,COLLISION,,02ef4595,35805023,9f2259f0,30136ad7
a06d067a,2022-01-24,2024-02-07,COLLISION,D,02ef4595,,151fc97f,ff4ab7c5
14ee1c56,2021-07-09,2024-07-15,COLLISION,A,fecfd9ca,35805023,d3cbf16f,ff4ab7c5
803b1551,2022-08-22,2023-04-02,LIABILITY,D,35805023,02ef4595,8704b6b4,85a7df40
3ebfe757,2021-12-19,2024-03-12,MEDICAL,C,35805023,02ef4595,ffed71e5,ff4ab7c5
1a02744e,2021-05-04,2022-10-28,COLLISION,D,35805023,fecfd9ca,135bc2c0,227b402a
63254c75,2021-01-26,2024-04-06,COLLISION,,597e2f9b,0f6d11c9,be2e4d14,0af8d933
12f8bbca,2021-11-11,2023-01-13,COMPREHENSIVE,B,597e2f9b,,d2ed36fb,0af8d933
429ce571,2021-05-29,2024-10-24,MEDICAL,D,0f6d11c9,,a36e430d,0af8d933
5f8c2b85,2022-08-05,2024-04-23,COLLISION,B,f712dd58,360044f2,2c6e3cd7,0aa809b3
5f7cc41a,2021-10-14,2024-04-19,LIABILITY,D,f712dd58,432fc727,f8765eb8,0aa809b3
c79e0a83,2021-01-23,2022-08-09,MEDICAL,B,09c95e12,,ae0f88a9,08701fe3
fa73e484,2022-03-14,2023-08-25,MEDICAL,A,40042158,,fa7a0ed0,8d81fde1
cf934811,2021-03-29,2021-07-15,COLLISION,B,a4569258,40042158,e38efdec,8d81fde1
7c0c04df,2022-11-23,2024-12-07,LIABILITY,B,a4569258,,8555cc6f,8d81fde1
f3135e31,2022-08-04,2023-06-19,COMPREHENSIVE,A,e2384f38,884aa7c8,b68c0d7e,8d81fde1
e9361d32,2023-01-06,2024-12-17,COLLISION,C,e2384f38,40042158,53ef1128,8d81fde1
dbfa25a0,2021-06-22,2024-04-18,COMPREHENSIVE,A,a8803eaf,,6724c1fd,461e98a2
aa1f9ccb,2022-03-06,2022-05-24,COMPREHENSIVE,B,ad105572,,95c2e674,461e98a2
50558dda,2022-12-28,2023-11-11,COLLISION,A,24b6e94e,24b6e94e,96a743de,9c6c7908
c497b5a1,2021-11-20,2024-03-19,LIABILITY,A,24b6e94e,24b6e94e,ee9d71aa,14147859
a2146c95,2022-01-16,2023-07-04,COMPREHENSIVE,B,efc8b104,24b6e94e,0748f64a,9c6c7908
d1274103,2022-03-03,2024-06-02,COLLISION,A,efc8b104,24b6e94e,22a23be8,9c6c7908
481376dd,2022-10-24,2023-02-07,MEDICAL,D,efc8b104,,7dcd07ad,9c6c7908
9194a745,2022-11-12,2024-09-30,MEDICAL,A,efc8b104,efc8b104,286318da,9c6c7908
e1055b93,2022-11-06,2024-09-23,COMPREHENSIVE,D,03b3b364,,499705a6,3724f87a
3f77d3ae,2021-10-31,2023-05-01,MEDICAL,D,4d69120e,3c22bdb6,4aead65b,696faee3
a2abbaca,2021-09-14,2022-04-13,MEDICAL,C,d53179f4,d53179f4,ebdf3f8e,b770dcc6
21007214,2021-05-22,2021-07-29,MEDICAL,D,d53179f4,d53179f4,b6163a6e,b0da610f
124a4251,2021-07-29,2024-04-12,COMPREHENSIVE,B,d53179f4,d53179f4,ba40a0b4,1fafee59
b39ab50f,2021-01-30,2022-05-17,MEDICAL,,6848b0b1,d53179f4,a136a140,1fafee59
a668f895,2022-09-25,2023-01-29,COLLISION,D,fa8b7b35,d53179f4,ac2a79d6,1fafee59
a6e4a329,2022-08-08,2022-12-04,COMPREHENSIVE,A,fa8b7b35,d53179f4,3ed0ffc1,1fafee59
c41cfce6,2022-04-07,2024-09-06,COLLISION,,56f5ce41,,5f46fe02,2e0f774a
83daf197,2022-06-25,2022-06-30,COMPREHENSIVE,A,775bc098,,8a187232,c9e66c04
8bbdc127,2022-08-22,2024-04-08,LIABILITY,,986b3c74,,c899286f,c9e66c04
74af8d34,2022-08-24,2024-09-02,MEDICAL,B,986b3c74,,38a839aa,c9e66c04
8b6a86c0,2021-11-11,2024-06-22,COMPREHENSIVE,D,b056e2f0,6e291cb0,28f2abf5,b1896ef3
cbb08b6d,2022-12-04,2024-12-29,COLLISION,D,09ab8efa,020b2a7a,6ea3f40e,463e3b4d
dc764a47,2022-01-19,2024-11-10,COLLISION,,31585fb5,09ab8efa,4a6ad09e,463e3b4d
48ece305,2021-08-09,2021-11-02,LIABILITY,,31585fb5,020b2a7a,94d9724b,463e3b4d
4e1add07,2021-04-20,2021-07-01,MEDICAL,D,1f018c74,a6bddf89,2d62f758,1cfc3591
5624ad65,2021-02-05,2023-11-19,LIABILITY,B,1f018c74,,48d27a42,7feac215
1f829322,2022-11-24,2023-10-12,LIABILITY,C,1f018c74,0825cbd9,9c53ccc5,1cfc3591
c7184812,2022-11-24,2023-05-11,COMPREHENSIVE,,065d4e2d,065d4e2d,6a7597a5,1d31399c
51faf0e7,2021-06-30,2022-05-11,COMPREHENSIVE,B,065d4e2d,065d4e2d,db29c218,1d31399c
521c9991,2022-06-17,2023-02-19,MEDICAL,,8fe2acf2,,ac9ac64e,7fe865b3
f61b2f5e,2022-12-23,2023-01-13,COLLISION,,6ca6da54,,cd051ce5,1a1c2748
b0b56385,2021-07-28,2023-03-28,MEDICAL,C,6ca6da54,,980ce966,1a1c2748
e5044585,2022-04-22,2023-12-29,COLLISION,C,6ca6da54,,9c57edc2,1a1c2748
bd220b8a,2021-01-29,2024-05-24,COLLISION,,4db342e1,4db342e1,d94a5b7d,72a8eb24
e0065102,2022-09-22,2022-09-26,COLLISION,D,4db342e1,4db342e1,8a447865,72a8eb24
bbe1b5dd,2021-02-28,2021-11-12,COLLISION,,4db342e1,4db342e1,f4c33994,72a8eb24
e60f691f,2022-07-27,2022-11-11,MEDICAL,C,e170f082,,6550c7ab,704530ad
b53b2f60,2022-10-05,2023-04-20,MEDICAL,A,ad7ec713,33cae1f9,7442d9eb,885246f6
15392b6e,2022-12-13,2023-12-19,LIABILITY,,163cfe1d,,35a9b337,7575fc82
8cedb02d,2022-07-19,2022-07-21,COLLISION,C,fd341dc2,fd341dc2,8ee87598,7575fc82
482c15dd,2021-07-21,2022-02-19,COLLISION,B,45340388,45340388,7cc9a214,6b00d53b
d5964131,2022-03-21,2022-09-03,COLLISION,C,45340388,,6cf98576,6b00d53b
54de1a57,2022-08-31,2023-05-18,COMPREHENSIVE,A,02567d2b,02567d2b,d3fa47b8,6b00d53b
22c7039a,2021-10-12,2023-02-09,COLLISION,B,02567d2b,,41b2123b,bd0a52cb
5eb60291,2023-01-19,2024-04-24,LIABILITY,C,d1d76e48,27cae51f,f3a65b49,99298f6d
665cdf46,2022-08-16,2023-08-27,MEDICAL,D,27cae51f,,39374e65,99298f6d
8aad92f0,2022-01-08,2022-11-26,LIABILITY,,27cae51f,27cae51f,07edb957,99298f6d
4bf4af5f,2022-08-13,2023-06-07,MEDICAL,A,27cae51f,d1d76e48,33ddc13a,99298f6d
522a4f5c,2022-01-21,2023-07-06,COLLISION,D,1ea0f50f,,0383178c,e40315d5
f159584a,2021-03-31,2021-10-31,MEDICAL,B,0c19595f,1ea0f50f,9e3f9eb0,e40315d5
e40feef9,2022-11-19,2023-10-17,COMPREHENSIVE,,0c19595f,,62f0a848,e40315d5
b1699d4c,2021-04-25,2022-01-27,MEDICAL,B,0770d279,,9ae42200,53b52c66
084e0003,2021-08-17,2023-09-03,COLLISION,C,41f5d7dc,,0b9b6968,8181a4f1
45237c7f,2022-03-24,2023-01-16,COLLISION,A,41f5d7dc,,dfe880c0,8181a4f1
ab945665,2022-11-29,2023-03-14,COMPREHENSIVE,D,3469c56f,41f5d7dc,3371b046,8181a4f1
c8eac8de,2022-04-10,2024-05-13,LIABILITY,B,b6c59c89,b0e3a4b1,dd21094e,dc67efd7
b9ad732e,2021-10-16,2023-09-20,COLLISION,B,f3c7b6d4,,6c752883,ebc54b18
df39452f,2022-08-14,2022-09-16,MEDICAL,D,f3c7b6d4,,b9bc2f79,ebc54b18
6cde52e9,2022-01-15,2024-08-02,COLLISION,B,f3c7b6d4,,d622353d,ebc54b18
2dbe3725,2021-06-10,2022-07-07,MEDICAL,,cb372bdd,1797ce99,d70e4112,40e98baa
323ed8b9,2021-01-29,2021-04-12,MEDICAL,D,b0a5534e,,521d283f,2eb577f3
dd298a57,2022-05-12,2023-06-17,COMPREHENSIVE,A,bff687ab,131e0303,4ba28a39,2eb577f3
974620bd,2022-06-11,2023-02-25,COMPREHENSIVE,A,131e0303,131e0303,291cd586,2eb577f3
cdd0b3eb,2022-08-07,2024-01-31,LIABILITY,B,131e0303,bff687ab,1dda7a0f,2eb577f3
33fa00e0,2022-09-01,2023-10-30,COMPREHENSIVE,,db93b206,,1d0ebe5b,2eb577f3
93489445,2022-01-16,2023-08-11,COLLISION,D,db93b206,bff687ab,7b637070,2eb577f3
7234a9f6,2021-03-10,2022-12-21,MEDICAL,C,82b79774,,93d2b5ea,bcfd0786
b794d43f,2021-12-08,2024-12-26,LIABILITY,A,82b79774,,7454895f,bcfd0786
3ec9b2a1,2021-12-17,2023-03-19,COLLISION,C,d06e806c,,86f5f64f,2a354c51
5fbde37c,2022-07-15,2023-03-04,LIABILITY,C,2d922527,9513eb64,37c22ade,18675f9e
4f861a7c,2021-07-10,2022-03-06,COMPREHENSIVE,C,2d922527,db6e2c6c,634d1325,18675f9e
45763838,2023-01-15,2023-03-29,MEDICAL,C,9513eb64,,eb1e3e73,18675f9e
f596a3d9,2022-03-19,2023-06-19,COMPREHENSIVE,D,9513eb64,9513eb64,07f38638,18675f9e
88dd552d,2021-10-30,2022-05-07,LIABILITY,D,fefe2773,,559672a5,cb087c3f
2c0848d2,2021-12-24,2022-09-03,MEDICAL,C,fefe2773,,5cb8734e,cb087c3f
eba00297,2023-01-19,2023-03-23,COLLISION,,878738df,96a66695,682f9440,b91a6f9f
0e237393,2022-02-25,2022-03-05,MEDICAL,A,878738df,96a66695,2d9030e3,b91a6f9f
8a5622d5,2022-04-06,2023-06-07,COLLISION,,96a66695,96a66695,a11dd922,b91a6f9f
c154784b,2021-06-05,2021-06-06,LIABILITY,B,2885e5b9,8b973a18,560ca859,8d438259
75236b8f,2022-02-08,2022-06-01,MEDICAL,B,2885e5b9,8b973a18,91858c39,8d438259
3e8bcac0,2022-04-19,2024-06-09,COMPREHENSIVE,D,c1726ac4,,1501a2e7,2aa941d6
ae7ce598,2022-11-29,2024-07-03,LIABILITY,,91391790,,7a156be5,117a9d3a
dfdb4261,2021-03-20,2021-09-14,LIABILITY,B,dae9e562,b1f60302,bc1599c8,918b1115
6c25ec74,2021-02-02,2022-07-16,MEDICAL,A,dae9e562,b1f60302,4fb99d21,918b1115
d4b2c2e2,2022-08-03,2023-01-08,LIABILITY,B,78118596,78118596,04f42d78,67bed27b
9a5e5570,2021-02-21,2024-03-04,COLLISION,D,78118596,cb4a21a6,92a01650,67bed27b
750b38d6,2022-10-14,2023-07-19,COLLISION,D,2dee524f,,6c156332,8601de2a
4d85ed13,2021-10-13,2023-06-27,LIABILITY,B,8a608869,2dee524f,3e484ea8,8601de2a
464511ec,2022-11-29,2023-01-28,COMPREHENSIVE,A,5027d27b,5027d27b,cfce5fa0,78a4c61c
abd73d6f,2022-11-16,2024-01-23,COLLISION,A,5027d27b,,7de511cd,d163d082
9ce6c492,2021-10-05,2022-06-03,COMPREHENSIVE,D,85f3f9d4,,9d6f40ae,c5c32fa9
b7691c09,2021-05-30,2024-09-21,MEDICAL,B,85f3f9d4,30c86488,43891c73,c5c32fa9
51e94adf,2022-03-14,2023-12-20,COMPREHENSIVE,A,30c86488,85f3f9d4,4ac5fe85,c5c32fa9
432b9a2b,2022-04-09,2022-11-07,COLLISION,,79b2a267,,2db73775,44721157
ba438516,2021-08-31,2024-01-09,COMPREHENSIVE,,f3138ddb,,aee9d547,b1c2a90f
99a19249,2021-11-16,2024-09-22,COLLISION,A,fa691042,303c6066,e42deaa8,6f4c5ed5
beffb5eb,2021-12-12,2024-11-19,COLLISION,,303c6066,303c6066,8e304130,6f4c5ed5
9481b786,2022-02-06,2023-12-14,LIABILITY,A,0f6f5893,c04baf33,1046e73e,89f586d2
926b38cf,2022-09-30,2023-03-31,COLLISION,D,c04baf33,,c38b4a22,89f586d2
cb0d1551,2022-10-17,2023-08-01,COMPREHENSIVE,C,2387cd14,485f9f2b,0db06ba4,2cc0ce97
9c78a47e,2021-04-21,2022-11-30,COMPREHENSIVE,,485f9f2b,2387cd14,1a030d4e,2cc0ce97
7789a049,2022-08-22,2023-09-22,COLLISION,A,79bdd5b5,,eceef8e2,2cc0ce97
ef2a2b07,2022-01-08,2024-02-13,MEDICAL,D,79bdd5b5,485f9f2b,677a31d9,2cc0ce97
62c5d25e,2021-10-25,2023-04-05,COLLISION,,bc262efd,7ad2f1c6,3e0dfd28,2194309c
24584b39,2022-03-11,2024-04-11,COLLISION,A,bc262efd,7ad2f1c6,e66e9245,2194309c
5bea61c7,2021-09-07,2022-03-29,LIABILITY,C,d5eaf920,,642eeb99,01c5887c
755daee7,2022-01-12,2024-09-12,MEDICAL,,59f748fb,,405cef06,6b87c88f
ab21ce77,2021-05-09,2023-04-18,COMPREHENSIVE,B,f4d545fe,59f748fb,4d90f38e,6b87c88f
d894990e,2021-10-29,2024-04-10,MEDICAL,D,5868fa18,aab70121,d9852311,c474a200
74d5f1b1,2022-03-26,2024-06-30,COLLISION,B,852c3855,,e2e77b33,dd713073
6079abff,2021-09-05,2024-12-23,MEDICAL,D,bc7c5ff9,,bfdabee0,121e980d
4a7b9a70,2022-12-26,2024-09-04,COMPREHENSIVE,,4c5b5072,38670250,242b0ad5,542c2950
af27da81,2022-07-18,2023-08-15,LIABILITY,C,4c5b5072,,93b4f2a5,542c2950
cc4e2bba,2021-05-11,2023-07-14,LIABILITY,,e9545353,,62b4d7ff,f6e30100
9664ddb2,2021-10-27,2023-07-01,COLLISION,A,e9545353,,8b2e00d9,f6e30100
9778d6eb,2022-11-15,2024-06-15,LIABILITY,A,e8521e23,,0dbed695,bb3cb9f4
4ac696b9,2022-04-12,2024-07-09,COMPREHENSIVE,D,e8521e23,e8521e23,64f95283,bb3cb9f4
dab5a6cf,2022-08-09,2025-01-15,LIABILITY,,e8521e23,69788d27,f27830c1,bb3cb9f4
fcbf7c26,2021-03-02,2022-08-24,COLLISION,A,e8521e23,e8521e23,03d820d3,bcc80f67
cea5a84e,2022-10-29,2023-03-04,LIABILITY,C,d5cdec97,3394c196,dd5b343c,702aba94
764f6c37,2022-02-15,2023-04-03,COMPREHENSIVE,C,a5de4876,e2cd8635,e5a0d780,c897a233
78dac5cc,2023-01-05,2024-03-27,COMPREHENSIVE,,1c264c56,f19159a2,944fb50c,e3b8e422
e53f9d85,2022-08-09,2023-04-18,LIABILITY,C,228290c0,9eafd724,46e164de,e3b8e422
ad3a52f3,2022-10-03,2023-01-26,LIABILITY,B,efb7a7b4,,a68bef2d,2a46674d
0714aef6,2021-06-14,2024-06-15,LIABILITY,B,efb7a7b4,efb7a7b4,d816a55f,2a46674d
81df9a17,2021-08-09,2024-01-09,COMPREHENSIVE,B,f822c528,,a0fcf11f,3a220b80
f197ba1e,2022-05-02,2022-10-23,COMPREHENSIVE,C,21d1b44f,a7653799,d477a329,ac8633ef
387160c0,2022-04-27,2022-09-02,MEDICAL,A,4d4cf23d,,1468014d,ac8633ef
7ff53d7d,2021-02-27,2024-06-18,COMPREHENSIVE,A,daeb4aad,803a0b41,0f2a4e48,fbd02aee
0feba96b,2021-11-29,2024-11-29,COLLISION,A,23132e68,8151d388,e981d4db,fbd02aee
437e0dae,2021-04-16,2021-08-12,MEDICAL,B,53466992,,2deb0ff0,d7db31c9
9a95277c,2021-03-24,2024-08-11,LIABILITY,C,242bb275,242bb275,0cabd62a,f1506f88
eded349c,2021-05-25,2024-09-30,LIABILITY,,fb96f056,385ad79f,03e27e5c,1f216fbb
7fa4e762,2021-09-10,2023-11-25,COMPREHENSIVE,A,9142b33e,0a0fcd81,eb4be885,e623b4bc
b751ad98,2021-02-09,2023-07-07,MEDICAL,C,9142b33e,,237d5e54,e623b4bc
768975c8,2022-06-26,2023-04-17,COLLISION,,0a0fcd81,,496460cc,e623b4bc
344626b2,2022-07-25,2024-05-09,COLLISION,B,7a547834,414390d1,305c03c2,d1ec3803
d9a2f95a,2022-07-28,2023-01-24,COLLISION,B,7a547834,,4ed51147,0a843679
8eeea68c,2021-07-09,2024-10-09,MEDICAL,,7a547834,,cb2c9d6f,0a843679
cedaf20b,2021-09-21,2022-01-08,COLLISION,D,7a547834,,f1afc6b0,0a843679
9850bd5a,2021-05-21,2024-07-23,COMPREHENSIVE,D,47163297,7a547834,e48b9fcb,0a843679
397fc52e,2021-11-25,2024-07-10,COMPREHENSIVE,D,42d851d5,bc2d4ce5,5d69d0a3,06ec2078
8883a51a,2021-03-29,2024-02-25,LIABILITY,A,42d851d5,bc2d4ce5,a6601bb6,06ec2078
5ae26f3a,2022-01-26,2023-03-20,LIABILITY,B,2cd71057,,22efafd5,08ea0e5f
2a1f8fdc,2022-01-21,2024-01-19,MEDICAL,C,e83c3643,2cd71057,df77c6dd,08ea0e5f
f008a9e7,2022-03-23,2022-09-02,COMPREHENSIVE,C,65ecc8e1,d21f03f7,3c318ed8,4f986ecd
20f29349,2022-11-04,2023-12-12,MEDICAL,B,65ecc8e1,,01395165,4f986ecd
008a068a,2022-08-28,2023-09-13,LIABILITY,D,65ecc8e1,d21f03f7,d9941dd1,4f986ecd
e650c44c,2022-11-01,2025-01-14,LIABILITY,A,6a474733,,cc1f757e,082c17ac
e72e9acc,2022-12-19,2024-03-30,LIABILITY,B,e9c23692,6a474733,40b3aee3,082c17ac
8d2631d3,2021-06-07,2021-10-27,LIABILITY,D,e9c23692,6a474733,960ff0b3,082c17ac
cec909b0,2023-01-12,2025-01-05,MEDICAL,D,4e88ddd1,8a633c00,242ace5c,44199f37
47227b58,2022-08-09,2022-10-24,MEDICAL,B,4e88ddd1,,e62e1adf,ff2b2a03
ebf755d0,2022-01-13,2022-01-25,COLLISION,D,0ed939a6,d158b561,c6ffc6b1,9b593b12
30d7cbac,2022-04-27,2023-08-15,COLLISION,A,d56deb31,d56deb31,efb18925,3e9a27a4
63004659,2021-01-27,2021-07-30,COLLISION,,d56deb31,d56deb31,1997437e,3e9a27a4
d573006d,2022-02-26,2023-09-09,COMPREHENSIVE,B,cf5a1ff7,d56deb31,0a6eec58,3e9a27a4
514fa3cd,2021-08-09,2025-01-08,MEDICAL,C,cf5a1ff7,d56deb31,2ef22a34,3e9a27a4
70657c81,2022-05-13,2024-05-31,COLLISION,C,51e89d3c,,98533ef4,27930aca
863a4481,2021-04-04,2021-10-20,MEDICAL,D,6587a0d3,6587a0d3,7aa86593,5ac18a82
65e57dd1,2022-12-25,2024-10-16,COMPREHENSIVE,,1277a380,,207ee8c2,e48701f9
71c220b0,2022-05-27,2023-03-14,COLLISION,A,bcf720a5,bcf720a5,880ea282,b687ff2c
0a78ccf5,2021-04-28,2022-08-30,COLLISION,,55f818bb,,3b96d2e0,f4664b68
4b17538c,2021-03-03,2025-01-02,COLLISION,C,55f818bb,84514469,b9192c8f,b687ff2c
09c805c7,2022-05-13,2022-09-26,COLLISION,,a4af8fad,320470bd,432faf66,18430d22
00f3cff6,2022-04-27,2022-07-12,MEDICAL,,a4af8fad,,fad841cd,18430d22
ef957f9e,2021-09-08,2023-04-28,MEDICAL,D,4d75e861,7cb0165e,8ec4373c,a247d389
e65ed781,2022-09-03,2024-10-08,COLLISION,A,0237c618,7f93bb5e,7157488d,f1216100
49ecc2c0,2022-03-11,2023-04-08,MEDICAL,C,8fbb88d8,,16f612d9,9bbb143d
bcfa61aa,2023-01-12,2023-10-31,COLLISION,,3a406855,,8620bb42,75521688
c5626be9,2021-09-29,2022-05-24,MEDICAL,,7fe8d7df,7fe8d7df,52f94638,7580fd68
b16bdcab,2022-11-24,2024-11-29,MEDICAL,A,7fe8d7df,93c0a051,f87f29e8,7580fd68
2d418177,2021-04-18,2022-03-28,COMPREHENSIVE,C,6766622e,6766622e,bb1bbc40,7580fd68
b52bd0e5,2022-06-16,2024-07-05,COLLISION,A,bc6815e7,4949b0e4,b13afbc1,e711350a
8a39aa7b,2022-12-12,2023-09-24,COMPREHENSIVE,D,bc6815e7,4949b0e4,6c1c7ced,e711350a
4b6eb162,2022-01-14,2024-01-07,COLLISION,C,35703c94,,6406a391,f9d5717c
2704187c,2022-06-17,2022-08-13,COLLISION,C,35703c94,35703c94,1572487a,f9d5717c
c732d111,2021-07-16,2024-12-08,COMPREHENSIVE,C,eddba865,3522de0c,86706f2a,f9d5717c
92570542,2021-03-20,2022-07-21,COLLISION,C,eddba865,35703c94,5495c539,f9d5717c
e10805e2,2022-07-06,2024-10-23,LIABILITY,D,2919000a,2919000a,563f3b8a,b53bbcf9
1592884a,2022-06-19,2023-03-06,COLLISION,A,2919000a,2919000a,7684fd05,0390b314
c70d5ebc,2022-05-12,2022-08-04,COMPREHENSIVE,A,6fa97afc,6fa97afc,e8871a6c,bcd83ea2
72f4f452,2022-10-12,2023-08-13,COMPREHENSIVE,,a4932a50,a4932a50,c6d27910,be4fb904
7290dc8c,2021-06-07,2025-01-02,COLLISION,C,4e81eaa2,6e1d8da1,c564bbd1,023136fe
7ba0f197,2021-06-22,2024-12-01,LIABILITY,A,bb0804dc,dde513ab,982f6fc6,7516b4be
becd5462,2021-03-20,2024-06-10,COLLISION,C,493d57dc,,f4a470e9,626fe15f
cd03fc4b,2022-03-30,2022-09-08,MEDICAL,D,ea6372f5,,88253dd2,a9b63c5b
27f747a4,2021-12-15,2024-09-29,COMPREHENSIVE,,f91b22d3,,ff01698d,3ab82fdc
f94eb558,2022-03-29,2024-07-12,LIABILITY,A,f91b22d3,,cc05f227,3b2d7f8a
f90c7c1f,2022-07-11,2022-07-14,COLLISION,C,c09374a2,7d8da840,540d792a,6cbcb192
9ebdb361,2021-04-13,2021-06-30,LIABILITY,C,e52e3c58,,1c968f5a,07f3d3f2
95add46a,2022-12-06,2024-02-13,COMPREHENSIVE,,e22ffbdf,e22ffbdf,1f7f14d0,fdcca8c7
225cf95c,2022-05-10,2022-05-20,MEDICAL,,e22ffbdf,e22ffbdf,7aee31d1,fdcca8c7
5e26b58a,2021-01-26,2022-08-05,LIABILITY,D,db0c6c40,,5a78ca20,c33af39f
47f895d6,2022-01-30,2024-08-30,LIABILITY,C,db0c6c40,,4b390e2d,c33af39f
5d80e1dd,2021-10-29,2022-12-25,LIABILITY,D,2d85fd8d,,ab4e0bb6,e13957cb
851b023f,2021-11-08,2024-06-25,COLLISION,B,7c0e52ae,ee16f3f0,d982524d,6878bc5d
df8d8085,2021-04-11,2022-08-05,LIABILITY,B,ab37f245,ab37f245,3b99e8f1,0abe3eda
d0d80e14,2022-08-18,2025-01-07,MEDICAL,C,66f6f815,66f6f815,e9ec2c38,dd2252eb
62643cf7,2022-06-01,2024-07-25,LIABILITY,C,66f6f815,,8bc3abe1,dd2252eb
1027ae24,2021-05-23,2022-03-11,LIABILITY,C,67650c39,67650c39,f39c010c,a5e4e1c9
5332a438,2021-02-27,2023-07-17,COMPREHENSIVE,,67650c39,,0c88515a,d4e839e1
52d3c371,2021-04-18,2023-10-28,COMPREHENSIVE,,67650c39,,a7c29a9e,d4e839e1
c03f2baf,2022-11-21,2024-06-04,COLLISION,,f58dcf57,f2c0ea01,eaac4b0e,145d09d1
6a73f10f,2021-10-08,2023-07-16,COMPREHENSIVE,D,2215b3b3,,220adeaf,54e09a34
efc78aaa,2021-08-01,2023-10-13,LIABILITY,D,dfae38c7,dfae38c7,a441cdb1,251224e0
e66e25eb,2021-08-18,2023-03-23,COLLISION,,dfae38c7,5d898b92,6b37dcc0,251224e0
f5740ea2,2021-04-07,2023-07-18,COMPREHENSIVE,B,5d898b92,dfae38c7,c5d326e9,251224e0
6a1327f7,2021-04-20,2023-01-13,MEDICAL,D,5d898b92,5d898b92,2a4a7439,251224e0
a7955b26,2021-08-25,2021-12-17,COLLISION,B,761dfda6,d99a1c52,7e0daee0,25fdaaaf
530c197a,2022-12-18,2024-12-11,LIABILITY,C,761dfda6,d99a1c52,179ac555,60271321
80af835c,2022-04-16,2024-12-02,COLLISION,D,42e4c7fa,8fa2a62d,d15c754f,b3f4b4a1
58f82d0a,2022-05-16,2022-10-25,LIABILITY,B,42e4c7fa,,358762c0,b3f4b4a1
9386e500,2022-07-08,2024-03-28,COMPREHENSIVE,B,d03a2d99,8d07e655,2317ae3d,2d3f5825
ab9c69b5,2022-12-13,2024-08-04,MEDICAL,D,7a76b900,7a76b900,75652f8d,2d3f5825
77f0a076,2021-08-02,2023-09-26,COLLISION,A,c9a5e5b1,,af06b4d6,9e3581f4
66177afd,2022-11-06,2024-02-10,COLLISION,,c9a5e5b1,,39767359,85904aef
fdc77d77,2022-02-01,2023-06-08,MEDICAL,C,0d9d4106,0b17451f,fec052b0,5887d1d4
fb7c3fcb,2021-05-07,2023-01-07,COMPREHENSIVE,D,0d9d4106,0b17451f,22fb0d70,5887d1d4
bf3b62b2,2021-12-16,2023-04-13,COLLISION,A,ad0cbb3c,94efda71,0b1a6e7d,dd1902c4
b6cec8fc,2021-05-31,2024-02-26,COMPREHENSIVE,C,90e7e036,90e7e036,cf8fe681,fd80c5a6
166020d5,2022-05-21,2023-01-30,COMPREHENSIVE,B,5a9bd3f1,90e7e036,77e0306b,fd80c5a6
df50819c,2021-06-07,2021-11-09,COLLISION,A,23798d86,90e7e036,8a653c41,fd80c5a6
60a5ef3c,2021-12-29,2022-08-29,COMPREHENSIVE,,32861300,577d5b61,849fb0ca,a40ea674
f6cc8477,2022-01-26,2022-12-29,COMPREHENSIVE,D,2329ed76,fab3796a,9219c17a,9cd2d979
316e4b36,2022-09-14,2023-01-28,MEDICAL,B,2329ed76,,b5f56843,9cd2d979
ac60c79c,2022-09-04,2023-04-08,LIABILITY,,fab3796a,2329ed76,114251c8,9cd2d979
9c168fa0,2021-09-18,2021-10-26,COLLISION,A,fab3796a,2329ed76,7546a07a,9cd2d979
2cb1abd0,2022-04-10,2024-03-12,COLLISION,A,fab3796a,fab3796a,c9da4db2,9cd2d979
c3a5b9ee,2022-06-19,2024-03-17,COLLISION,C,fab3796a,2329ed76,9687bd14,9cd2d979
a6845a64,2021-03-21,2022-02-09,COLLISION,A,7b4950ca,2329ed76,5ec47dac,ef1e7939
98d47f55,2021-09-22,2023-05-05,LIABILITY,B,50da76fc,108214a5,40e8c52f,f4e0e213
bf954f16,2022-06-19,2022-08-09,MEDICAL,D,7ab35156,7ab35156,b4264fbc,e237e16c
39ce4ce0,2021-12-08,2023-03-11,COLLISION,A,aa8b0b9d,,496379ac,691911e6
06099f49,2021-12-18,2022-10-13,MEDICAL,,aa8b0b9d,7294fd7e,76831ff5,691911e6
7e233f28,2022-02-15,2024-05-04,LIABILITY,A,aa8b0b9d,605f7f3e,4a2a0c4b,691911e6
590de35a,2022-01-17,2022-05-28,LIABILITY,C,605f7f3e,605f7f3e,e77a9ba3,691911e6
28f198af,2022-06-09,2023-12-15,LIABILITY,B,7294fd7e,,4c9d61d7,691911e6
49c44e64,2022-06-17,2024-09-04,MEDICAL,A,7294fd7e,aa8b0b9d,c9f26c11,691911e6
a0a62ceb,2021-04-29,2022-08-22,LIABILITY,C,3cc6f9db,,6fcecbe1,3c28adf4
ba90805d,2021-08-19,2023-07-02,MEDICAL,C,aa98669f,,7be9af35,9e283aba
bbcb5e6c,2021-05-21,2024-10-04,COMPREHENSIVE,B,c0144210,6248dd15,e619cbbc,a68ed14c
8cef9cf6,2022-08-06,2023-10-10,COMPREHENSIVE,C,c0144210,6248dd15,a738dfca,4cf5c727
dc4fa8f4,2021-04-15,2023-09-12,COLLISION,A,6248dd15,,d951b1b0,a68ed14c
0524adfc,2023-01-09,2024-08-25,MEDICAL,C,f59f465a,200587fd,dfa8e5d4,e1ca4f82
2b8e082b,2022-01-01,2022-09-05,COMPREHENSIVE,C,f59f465a,f59f465a,6d9a7caa,e1ca4f82
58f782bd,2022-01-14,2022-12-30,MEDICAL,,b5e85a45,,aae026e2,840d0bc3
cfd07138,2022-08-15,2022-08-19,LIABILITY,D,98f7d999,98f7d999,cba9b8ad,c567dc67
740a1b93,2022-10-22,2024-03-19,LIABILITY,A,98f7d999,,df5e8676,0a280704
1374533c,2022-09-01,2024-06-15,MEDICAL,D,98f7d999,253b8abe,2bd42f19,0a280704
99f8c935,2021-03-12,2024-07-23,MEDICAL,B,1fc0537c,1fc0537c,38241da0,fce3e8d2
d3e50012,2021-11-14,2023-08-09,MEDICAL,C,2690d44b,2690d44b,e78f291b,0411604a
14ef755a,2022-12-28,2024-05-16,COMPREHENSIVE,B,58f0193b,2690d44b,7508a502,0411604a
36126b42,2021-10-10,2024-08-17,COLLISION,D,4607898f,71c7f380,4fcc0100,c2111916
b47d52e4,2022-06-26,2024-03-22,MEDICAL,A,71c7f380,,1390554e,c2111916
74dddfd6,2022-08-01,2022-08-13,COMPREHENSIVE,C,71c7f380,,d830dce4,c2111916
18da3a02,2022-01-06,2022-09-17,COLLISION,C,71c7f380,,c60122e2,c2111916
16f23acd,2022-03-21,2023-09-12,COMPREHENSIVE,D,bec05310,4607898f,91733243,c2111916
9c0c6f21,2022-11-26,2024-03-14,COLLISION,C,16a80ef6,d35484fa,655ad319,7e80b245
e964c2c5,2022-04-03,2024-01-25,LIABILITY,D,16a80ef6,ab733082,605bf0e6,7e80b245
4ad61bc5,2022-02-09,2022-03-17,COMPREHENSIVE,A,df357851,,42880d61,889279bc
dfed6bc5,2022-07-11,2023-11-16,COMPREHENSIVE,,5ac64ca2,789f6e48,8c117a51,889279bc
565d6a0b,2022-04-16,2024-02-13,LIABILITY,,e73a4bf0,dcd38a01,1d9268f7,36b91cf9
511f8dd5,2021-04-30,2023-05-24,LIABILITY,B,e73a4bf0,e73a4bf0,67077e8f,36b91cf9
f6db8975,2022-05-18,2024-01-28,COMPREHENSIVE,D,743233da,743233da,e0d661df,3d3322e6
10e8d468,2021-10-16,2024-12-23,COLLISION,D,417e051a,,6e4ed4ce,231e4871
3ee02812,2022-05-19,2024-03-09,COLLISION,B,417e051a,ec1465d2,5e317eb4,231e4871
22ff4555,2021-02-11,2024-01-27,COLLISION,B,e39b7cc3,e39b7cc3,84ccaf98,ab46c3c2
b8e1f180,2022-11-08,2023-07-09,COMPREHENSIVE,,e39b7cc3,e39b7cc3,0b4c6161,ab46c3c2
55156ba1,2022-03-23,2023-07-14,COMPREHENSIVE,C,c0d15a5c,e39b7cc3,c515451d,ab8ac088
5d8c6f6a,2022-06-17,2023-02-19,COLLISION,,efa54c04,,69a618cc,e2357d1f
321386d0,2021-03-04,2021-04-15,COLLISION,B,0fe7e7c1,0fe7e7c1,a3183ff0,55c9c5fd
5dba1902,2022-02-18,2022-05-07,LIABILITY,B,0fe7e7c1,8ffd6696,3fe5b348,55c9c5fd
c389e95d,2022-08-11,2022-09-10,COMPREHENSIVE,A,bbc085c9,0fe7e7c1,43cebb10,fa8b795e
72f69398,2022-03-27,2023-11-10,COLLISION,D,bbc085c9,,5d7ddc30,55c9c5fd
66234ff0,2022-10-14,2022-12-11,LIABILITY,,bbc085c9,,0f8f4281,55c9c5fd
c44149b2,2022-12-27,2024-07-03,MEDICAL,A,bbc085c9,,74506bf3,55c9c5fd
3d1bd0dc,2021-05-04,2022-05-20,COMPREHENSIVE,A,0779cc1c,7ea1c83c,0ff3aeab,b319437b
1e001f56,2022-03-28,2023-08-21,MEDICAL,D,26a76bd4,,ad2e1e85,7d346803
4f458c34,2021-04-28,2023-09-08,MEDICAL,D,26a76bd4,,7f38e945,7d346803
899f5477,2022-09-08,2023-07-23,MEDICAL,B,32426574,42bf8af8,941413b1,70a6bcff
484ba249,2021-08-16,2023-10-10,COLLISION,,1f0c8833,d85f10f1,80f4d59f,3409ce86
51eac815,2022-06-24,2024-08-20,COLLISION,,1f0c8833,1f0c8833,77673ef2,3409ce86
7f09dfa1,2021-09-18,2024-10-24,MEDICAL,,1f0c8833,1f0c8833,7eefc340,33f5dc0e
0cb729b2,2022-07-31,2024-09-13,COMPREHENSIVE,B,413f890b,5802f02e,62b69195,74a6cfe0
94b5373c,2021-07-11,2021-08-07,MEDICAL,,c2ac1087,413f890b,c49546b0,74a6cfe0
90e49237,2022-06-20,2022-09-10,COMPREHENSIVE,,c2ac1087,5802f02e,57377910,74a6cfe0
d6c860bb,2022-10-02,2024-06-16,COMPREHENSIVE,B,4542ad7c,4542ad7c,5b5e8052,f424bb1d
aac29766,2022-02-05,2022-06-15,MEDICAL,A,4542ad7c,4542ad7c,8ee9e51b,f424bb1d
d02c0272,2022-05-28,2022-09-04,COMPREHENSIVE,,0756e41f,3020eb89,8c3bc1fc,4f0d2fdf
cfffe673,2023-01-10,2023-06-02,MEDICAL,,0756e41f,0756e41f,a565e350,4f0d2fdf
8e1e8881,2022-03-16,2024-02-18,COMPREHENSIVE,,a439968b,,9f0a3e6f,2799c776
d65f1936,2022-07-17,2024-10-14,LIABILITY,A,2212e913,,8ef6d3ab,2799c776
6bf54120,2021-10-20,2023-12-26,MEDICAL,,2212e913,,17c3cc67,2799c776
b96c8669,2021-11-23,2022-11-21,COLLISION,D,48c4955c,,45e8ae33,06493841
3a6c105b,2021-04-24,2024-07-21,LIABILITY,B,b5bd6f44,,9ebbbdd1,c6131e6e
11f8584c,2022-01-27,2023-03-11,MEDICAL,,36792854,,97078c0e,c6131e6e
f62f83a3,2022-10-18,2023-01-04,MEDICAL,B,a2fbb50a,987bcff8,68bf3a4e,b5e89741
95de7c7a,2021-09-05,2023-08-22,COLLISION,,987bcff8,831acc64,90233d33,b5e89741
3cb4d677,2021-09-01,2021-09-30,MEDICAL,C,901e4806,,83e94e8f,47dcfe2f
d6c8acfa,2022-07-28,2024-11-08,MEDICAL,B,4c9299d5,,ed7773ae,245c95aa
fda67ee2,2022-04-28,2022-07-22,LIABILITY,B,4c9299d5,1ff6a248,3189d2d2,245c95aa
436233bd,2022-06-15,2023-06-06,COMPREHENSIVE,,4c9299d5,9b4ac394,a2c2bbcb,11e4bc36
524741c7,2021-07-31,2022-01-15,LIABILITY,C,4c9299d5,4c9299d5,646749bc,245c95aa
51e08c08,2022-05-29,2023-09-09,COLLISION,,a652a6ff,,e1ef19e7,963d128f
e9f18686,2022-03-11,2024-09-14,LIABILITY,D,a652a6ff,3917d743,fa736ef8,963d128f
36cdcf90,2022-05-23,2023-06-08,COLLISION,,d8495e9a,,9dfe5cf8,bcd6426c
01ca2c44,2022-07-17,2022-09-04,LIABILITY,B,d0f7285a,483941a3,f7a9b68e,ee64a0b7
12d840af,2022-07-23,2024-12-11,LIABILITY,B,d0f7285a,,35cd9cde,bcd6426c
de4971f0,2021-06-26,2021-07-28,MEDICAL,A,3c24c0ab,3c24c0ab,dee994ea,91043e63
b17afa7a,2022-08-02,2023-03-30,MEDICAL,D,a8480cba,,9eed9ee9,c80feefc
06c81b7d,2021-04-29,2023-03-12,LIABILITY,C,68a54db4,,aadc10ae,11709b2b
7ad4cd81,2021-05-01,2022-10-06,MEDICAL,B,7718b4ca,6ab9084b,891d5380,350917cc
8aa63c09,2022-04-01,2022-07-12,LIABILITY,D,dec1f774,ff1bbd25,bc089ce4,55ac25d3
ad48f0ad,2022-07-20,2023-03-27,COMPREHENSIVE,B,dec1f774,ff1bbd25,6c89a683,55ac25d3
cd3f9e57,2022-11-07,2024-10-31,LIABILITY,B,9c546b13,9c546b13,a4416c44,43db2a99
3d175f85,2022-03-08,2023-08-27,LIABILITY,B,beda01df,,e00e089f,792ea378
67e71ecc,2022-03-09,2023-09-06,LIABILITY,D,a873928e,,d52d096e,2d9a707a
bde9df27,2022-07-01,2024-09-17,MEDICAL,D,a873928e,,fa709026,2d9a707a
1eda73a0,2022-10-10,2024-10-23,LIABILITY,C,a873928e,,56cca1c9,2d9a707a
f2330e9a,2021-03-18,2022-12-28,COLLISION,C,3873a455,3873a455,ba08d2f3,f8e425dd
de16be37,2021-06-05,2022-02-10,COMPREHENSIVE,,4bfba035,3873a455,66e975a9,6a71a95b
4d454ba4,2022-06-14,2023-12-18,COLLISION,A,f4f3b0c2,e17c5e6c,6b97bf45,224b2df1
bb1b7847,2022-01-06,2024-03-22,COLLISION,B,9ecd485b,,685af6d5,a6260da4
741bfee4,2022-12-03,2024-08-21,LIABILITY,A,9ecd485b,,f7931ca6,a6260da4
f273c3c7,2022-12-20,2024-10-27,MEDICAL,C,9ecd485b,,ae59b2d4,a6260da4
6ae7c3d5,2022-06-10,2024-09-10,LIABILITY,,af5d89c6,af5d89c6,cce5d70f,9577bddc
7aa6e8c2,2021-11-27,2023-12-28,MEDICAL,B,89a37765,,376408bf,8f1e3182
810ba29b,2022-04-08,2023-05-15,LIABILITY,A,3df9f3d9,7cec8f7c,35e77b88,eb6baa05
eace7727,2021-01-23,2022-04-23,MEDICAL,D,7cec8f7c,,78aff629,eb6baa05
18555100,2022-09-05,2022-10-10,LIABILITY,A,f73caa9c,,9d886ada,b04f79e8
382bf6b6,2021-10-24,2023-08-18,COLLISION,D,d9116554,,b53bcc00,b04f79e8
46b61c34,2021-06-29,2024-07-09,COMPREHENSIVE,D,ae19bde0,,4f5991c2,54c0922d
933c7e84,2021-06-27,2022-07-25,COMPREHENSIVE,B,ae19bde0,40aabb43,f143c9ee,818f6719
4e96015b,2022-10-21,2023-04-04,LIABILITY,C,883c5d75,,4c9faea4,54c0922d
6a3f4ba6,2022-01-06,2023-06-18,COMPREHENSIVE,D,883c5d75,,0e2dab26,54c0922d
a51b1522,2021-08-31,2024-11-09,COLLISION,C,ca1d2131,81b5ac79,8a161615,7921ad8e
addd1b71,2021-07-01,2021-10-26,MEDICAL,B,ca1d2131,ca1d2131,0cfc3ac7,7921ad8e
98050ef0,2022-07-03,2024-05-31,LIABILITY,D,ca1d2131,ca1d2131,0c10d7ed,7921ad8e
05510b8e,2022-05-01,2022-07-09,COLLISION,A,0ad2c887,2acad932,5c389bed,753bdec5
6adb185d,2022-06-24,2025-01-04,COLLISION,A,0fb086f9,,91e79d47,51f5feb7
343ea0a5,2022-05-19,2025-01-17,MEDICAL,A,4ff8d3fb,4ff8d3fb,c89a45ed,e95c30d4
c5e1dd1f,2021-03-18,2022-02-08,LIABILITY,D,3b9f7f2a,a936f131,4f9b196d,e95c30d4
272a83e0,2021-04-23,2021-08-16,MEDICAL,B,5322f9a4,5322f9a4,70ba6a17,43d43dc1
a49b3bec,2022-02-03,2022-11-24,COLLISION,D,d1e5d5fd,,3e86901b,43d43dc1
2de16d55,2022-12-20,2023-10-26,LIABILITY,A,d1e5d5fd,5322f9a4,80faf61e,43d43dc1
6ca51a0e,2021-06-30,2022-07-29,COLLISION,D,db28c396,,2e51785a,b8a3f597
3b5720c2,2022-04-28,2022-05-18,COMPREHENSIVE,,db28c396,db28c396,1a696472,b8a3f597
5d298b00,2021-10-11,2023-10-23,LIABILITY,,db28c396,,e5f55011,b8a3f597
b36974be,2022-05-14,2023-10-06,MEDICAL,A,db28c396,,7583057c,b8a3f597
d6f71fda,2021-10-12,2023-05-11,COLLISION,A,4111a194,83b6beae,a628d531,9ecaa36a
2b005bc7,2021-05-30,2025-01-13,LIABILITY,D,dd40e89f,,9ee1e352,0acaa2e0
9935afd4,2021-12-19,2021-12-24,COMPREHENSIVE,D,16f57302,,37b702ab,97fd224b
b7432b9b,2022-09-19,2023-07-24,COMPREHENSIVE,A,48158bdd,,1e0f2747,3c9affce
4fca00e4,2021-03-22,2022-03-09,MEDICAL,,48158bdd,,bccff5d5,11a572f0
48663aca,2021-02-13,2022-07-24,LIABILITY,D,48158bdd,,9f577d25,11a572f0
c7125185,2022-10-31,2023-10-13,MEDICAL,A,adc063a1,ee615e9d,8bc065ca,ba825701
b88af816,2022-06-29,2022-10-01,COLLISION,C,acce0b2d,adc063a1,e82c8a1f,ba825701
d6375e62,2022-12-12,2023-02-27,COLLISION,D,2cf55c5b,ee615e9d,f1330749,ba825701
611d3846,2022-01-25,2025-01-14,LIABILITY,C,2cf55c5b,acce0b2d,bc79081d,ba825701
0015c2ca,2021-12-20,2022-03-07,MEDICAL,,0e42cfa1,074de850,8b792b87,110a7700
f36dab73,2023-01-06,2023-08-29,LIABILITY,,9c3a63f8,9c3a63f8,61fedf17,8ccaec2d
e33e286a,2022-05-02,2023-04-17,MEDICAL,A,237b2a53,237b2a53,431fca8d,48120484
c47a9ef5,2022-09-03,2023-07-25,COLLISION,C,edd351b0,60913f5b,b46be694,6339fd32
d9661e27,2021-11-01,2022-08-18,COMPREHENSIVE,A,28506966,52c96335,e9ff9913,df3bdef8
8ae534d3,2022-06-09,2024-02-09,COLLISION,A,28506966,,dd5c4055,df3bdef8
d6a542f2,2022-01-25,2022-02-25,LIABILITY,B,52c96335,,0f65ab7f,df3bdef8
ff45395c,2022-08-23,2025-01-05,LIABILITY,A,fe22784a,f5c05841,69182cbe,df3bdef8
8d28fa84,2021-11-21,2024-08-18,LIABILITY,A,a6029bcb,9a0e6896,2b14c61a,abc569bd
370a76f1,2021-06-24,2023-07-20,COLLISION,B,a6029bcb,,3dde6bfa,abc569bd
ab4a9107,2022-10-05,2022-12-23,MEDICAL,B,a6029bcb,,7f8c9725,abc569bd
fa9651b8,2022-05-26,2024-10-22,COLLISION,A,fe13fe46,b9a3a428,b7aa684b,08a92310
d15ccc75,2021-03-15,2023-04-30,COMPREHENSIVE,B,43f65b17,,586401c6,cb1b4986
f5d11937,2022-04-21,2022-04-24,COMPREHENSIVE,B,43f65b17,4962425a,0dbe3d02,cb1b4986
f4bd6c69,2022-01-14,2024-01-13,COLLISION,D,555c3a37,db804ded,25b91c20,9cf27c7e
8e5a2d36,2021-07-06,2022-06-29,COMPREHENSIVE,D,68485685,,5b875437,29bcf3dd
439f8a9e,2022-03-27,2025-01-14,COLLISION,D,f5ad4452,,4ec6249d,29bcf3dd
1bd255ad,2021-05-21,2022-05-04,COLLISION,A,690c7bf9,66be93dd,b0e4571d,8d528bed
6a956f07,2021-12-09,2023-06-11,MEDICAL,B,690c7bf9,,04fd5c93,d36d73c4
762c569b,2022-07-23,2023-04-16,LIABILITY,,690c7bf9,66be93dd,699e18c1,45e4ae9e
f69cbb2a,2021-02-14,2023-09-22,COMPREHENSIVE,B,690c7bf9,66be93dd,f8714fae,45e4ae9e
49d25f10,2021-11-20,2025-01-03,COMPREHENSIVE,A,67aa82a4,,cf75fc50,6626dc5b
f33836ef,2022-05-21,2022-09-09,LIABILITY,C,d70a3ffd,d70a3ffd,d1baff54,f063fb88
9f45f071,2021-02-13,2023-03-29,MEDICAL,C,a0f2fa42,d70a3ffd,9dc5ad71,f063fb88
d79ff31b,2021-06-19,2021-10-24,COMPREHENSIVE,C,4983939a,cce5b7d8,16feec6d,ef99970e
83b3cc4b,2022-03-05,2022-12-23,COMPREHENSIVE,,102a6396,4983939a,b1119d8a,ef99970e
d71905c4,2021-11-30,2022-06-12,LIABILITY,A,102a6396,4983939a,d2fbb46d,ef99970e
84d3d391,2021-05-15,2023-07-25,COMPREHENSIVE,C,102a6396,cce5b7d8,94c30bf9,ef99970e
c22439fd,2022-10-25,2024-05-18,LIABILITY,,59827889,,d4651ad7,52afc769
0f9e1877,2022-10-15,2023-07-06,COLLISION,C,59827889,59827889,37b8da49,52afc769
d152498c,2021-04-29,2021-05-21,COMPREHENSIVE,,59827889,59827889,d13f7905,52afc769
5f8f8bfe,2022-11-08,2024-12-15,LIABILITY,D,59827889,89f36594,70bd43f8,c886d26a
027947b1,2021-09-23,2022-07-22,COLLISION,C,1174f722,1174f722,369a6b12,52afc769
2c10fd13,2022-11-04,2024-12-08,LIABILITY,B,b5538967,59827889,d7e4ab6a,52afc769
9055f3f5,2022-10-02,2023-06-03,COMPREHENSIVE,D,b5538967,59827889,ae415aba,52afc769
d11a7028,2022-07-16,2024-11-26,COMPREHENSIVE,,120c9aa2,ddac4725,7770ea30,0200e41f
ac9d6717,2022-05-18,2022-11-09,MEDICAL,,883dd23b,,703f5fd2,e0f470f8
f52fcfe2,2022-11-24,2023-07-14,LIABILITY,A,883dd23b,,85033379,e0f470f8
c452e68e,2021-07-12,2024-01-17,COMPREHENSIVE,C,a60eb42f,a60eb42f,43796957,ecbc6e75
eba1aed5,2022-12-27,2023-02-07,COLLISION,C,a60eb42f,83305e38,3b574cf3,ecbc6e75
fc157575,2022-06-17,2024-02-16,COLLISION,,ebcb1830,a60eb42f,11d3b8bb,ecbc6e75
33e42afb,2021-12-09,2022-03-12,COLLISION,B,ebcb1830,,2875bd87,ecbc6e75
0eb9d4ef,2022-07-27,2023-01-26,COMPREHENSIVE,B,4ca808c6,,6ded9bad,74c5394a
be1e54f9,2021-08-12,2022-02-07,COLLISION,D,4ca808c6,,d8080ec8,e363f454
9cd6e2bd,2021-11-19,2023-12-03,COMPREHENSIVE,,ad39c117,,12b9e471,e363f454
ef7a7a68,2021-07-20,2022-03-01,COMPREHENSIVE,,559fd561,9d7049b5,62cc52aa,3dd0da3a
c29ab0ac,2021-04-22,2023-06-21,LIABILITY,,559fd561,,ab58273d,3dd0da3a
d1305faf,2021-04-30,2023-06-23,COLLISION,D,7c1ec20e,,6d3313b6,e37e7059
7972f2f3,2021-12-06,2024-03-17,LIABILITY,A,181f2793,327348d5,9a87e242,db0cc3ad
dbd73955,2021-10-15,2023-05-20,COLLISION,C,9980ac90,,1a6fa539,6f797b4a
52b246cb,2021-06-27,2023-01-17,LIABILITY,,30f444b3,,0b9d573f,88281d33
d7278bd9,2022-07-10,2024-07-14,LIABILITY,C,c2a5c325,,ac62013a,664f9e57
f68bfb93,2022-01-20,2022-07-02,LIABILITY,A,b24880be,c2a5c325,c5f6b075,a9e2dab4
08d90438,2021-08-26,2023-01-23,LIABILITY,D,f7ae2ea9,,4fccd7d3,b1752c14
260f7db0,2022-03-17,2023-08-09,MEDICAL,A,d208a641,,d88ada5e,1e3851d9
a18b97f9,2021-09-13,2023-10-29,MEDICAL,A,d208a641,,81abc791,1e3851d9
8792757f,2021-07-20,2021-12-12,COMPREHENSIVE,D,b8ff0b3a,6a84f6ac,528fa851,30d4f35e
6164502c,2022-07-24,2022-12-17,MEDICAL,C,ad2b9182,,e1dae76e,b63a5b9d
fd899f25,2021-01-21,2022-03-03,COMPREHENSIVE,A,680068d5,016e6e9c,d5a13475,05b8fdae
26c5cabc,2021-07-22,2021-11-09,COMPREHENSIVE,D,9e437025,ee81d10d,dcb5e439,db3e66d2
4f72d518,2022-08-10,2023-06-04,LIABILITY,A,9de93016,,e12ad0a4,35045501
b582672b,2021-02-28,2024-01-27,MEDICAL,D,9de93016,2a13e399,7b173fda,f14148df
ad0a579f,2022-11-22,2024-06-02,MEDICAL,,9de93016,,183de9a6,35045501
ac2abdf4,2022-10-01,2022-12-09,COLLISION,D,795a4795,,0c3b177a,baa8b9cd
b60008cb,2022-05-23,2024-04-01,MEDICAL,C,795a4795,33be7e7c,10d040c1,baa8b9cd
b6e6cce5,2021-08-21,2024-01-30,LIABILITY,A,33be7e7c,795a4795,f0e822e4,baa8b9cd
7cb181d8,2022-05-16,2023-06-09,LIABILITY,D,33be7e7c,,4eb69d4d,baa8b9cd
d9db3e2a,2022-04-27,2023-04-30,COLLISION,D,33be7e7c,33be7e7c,807d503f,baa8b9cd
bbf7077c,2022-07-17,2024-10-12,COMPREHENSIVE,C,2376ce7f,,42ed0708,469fcd24
527d0d23,2021-01-25,2022-02-09,LIABILITY,B,2376ce7f,2376ce7f,f04b2ca2,469fcd24
b060952a,2023-01-17,2023-08-03,COMPREHENSIVE,D,2376ce7f,2376ce7f,29d13f12,469fcd24
786a1678,2021-07-10,2023-07-15,LIABILITY,,2376ce7f,2376ce7f,c1f5b90d,469fcd24
0d509813,2022-01-13,2024-03-02,COLLISION,A,f96b1fbb,,47aef53a,f40dd261
df43de1c,2022-06-15,2023-01-16,MEDICAL,A,f96b1fbb,,af8560be,f40dd261
61f411d4,2022-11-19,2024-08-17,MEDICAL,C,5cfa1fe5,f96b1fbb,d47f6f8e,f40dd261
ca4cfe05,2022-05-23,2022-09-15,COMPREHENSIVE,A,7977d576,,e440e465,856528d4
fe39feb3,2021-06-05,2023-01-03,COMPREHENSIVE,D,7977d576,,701e2db3,856528d4
20ec6c6e,2021-11-02,2022-01-25,LIABILITY,,2b189925,96359119,60d03897,b2809f13
36b2093d,2022-06-19,2024-08-30,COMPREHENSIVE,A,6fe22b85,6fe22b85,1b7a2894,3aa13362
88bed05f,2022-10-17,2025-01-09,LIABILITY,,6fe22b85,7ea19300,fb8cb917,3aa13362
8bcdc00f,2021-02-08,2022-09-01,COMPREHENSIVE,A,aab1dc4a,7ea19300,e240a071,3aa13362
5f0299fe,2021-10-25,2024-01-15,LIABILITY,C,990ea7ec,,8a3e7861,5abff3ff
af4140bb,2022-12-10,2023-04-05,COLLISION,D,837afa01,,7a6403e7,39f69574
aff88f6a,2021-09-06,2022-04-20,MEDICAL,D,1686ea8a,1686ea8a,8308401b,ccbaa2a6
f2abef00,2022-05-24,2022-11-09,COMPREHENSIVE,,cfd99ac5,b37721b4,d786edc5,710f902c
1571d194,2022-02-01,2023-06-25,MEDICAL,A,1e0cf078,b37721b4,63819432,710f902c
626574e1,2021-02-08,2022-03-25,COLLISION,C,1e0cf078,b37721b4,598f0835,710f902c
4f67df2a,2021-12-18,2022-12-18,MEDICAL,B,1e0cf078,,9190a321,710f902c
314ee554,2021-11-23,2024-06-06,LIABILITY,B,ccb31d11,,e015b76f,3578157e
0ab08e56,2022-03-31,2022-04-07,COMPREHENSIVE,,cbda41f8,ccb31d11,e12a666d,26d498e4
fc27d60c,2022-05-27,2022-10-06,COLLISION,B,0d6977b1,,2d69c94d,01c47865
6f56685a,2021-04-20,2023-10-29,LIABILITY,C,bd189d57,ea3c08ce,a4b75b0a,8e440702
af7863f3,2021-06-09,2024-11-23,MEDICAL,B,bd189d57,,9b323e03,8e440702
a4e24fb3,2022-10-05,2024-08-21,COMPREHENSIVE,D,bd189d57,ea3c08ce,6333706d,8e440702
5593621a,2022-01-22,2023-06-05,COMPREHENSIVE,,b2bbb0f8,932bb26e,967044f9,f4066073
2af8fb3b,2022-08-09,2023-10-15,COLLISION,D,4bcf0c0c,4bcf0c0c,259d34eb,2161b71d
683e3ed2,2022-04-14,2023-08-26,COMPREHENSIVE,,4bcf0c0c,4bcf0c0c,06f3fa4d,2161b71d
bd8d1877,2022-01-22,2023-10-30,LIABILITY,,03baa9d2,03baa9d2,9a52545a,79a726df
111b58af,2021-07-27,2023-12-19,COLLISION,A,03baa9d2,03baa9d2,40fec2e9,79a726df
17779e1f,2023-01-11,2023-01-15,LIABILITY,B,03baa9d2,,b2520178,79a726df
dff9216e,2021-09-24,2022-09-15,LIABILITY,C,2ee5d0c5,,5ca50059,79a726df
ea0932c7,2022-02-03,2024-11-11,MEDICAL,B,ef9e69f8,ef9e69f8,18f7164f,ee374f1e
60b78bd6,2021-02-15,2022-04-22,MEDICAL,A,eae53720,,43396a6c,ee374f1e
99b96602,2021-05-29,2022-04-17,LIABILITY,A,06fb14b4,ee479f35,3e185174,660e0a96
c2e6d457,2022-04-07,2023-05-06,MEDICAL,D,923618df,ee479f35,39f0e5ac,30162694
754dc6d3,2022-08-29,2023-09-21,COLLISION,B,5e7e6358,a018e667,cb4ecd35,5b20649e
9c032865,2021-03-13,2022-01-28,MEDICAL,B,b92e39a1,,5d41602a,5b20649e
85196325,2023-01-04,2024-02-10,COMPREHENSIVE,C,af2ae97a,,a12530c9,44615d8b
f57bd4e4,2021-08-29,2021-09-04,COMPREHENSIVE,B,8916ca3e,,1724ea1e,a8aa1857
0d7c0344,2022-05-27,2023-12-03,MEDICAL,,6513bdf0,a806ef4e,094caf18,0b246a2d
c9ed66e7,2021-12-09,2024-02-29,LIABILITY,B,6513bdf0,,318138f4,0b246a2d
017ded70,2022-04-12,2025-01-10,COLLISION,C,d7ada1fc,a806ef4e,3c6c74b7,0b246a2d
193461f4,2022-04-01,2024-09-03,COLLISION,C,c8f17f49,c8f17f49,603bd927,0e2eb128
6d49900b,2021-08-22,2022-12-28,LIABILITY,A,68ec9a67,68ec9a67,2bba72fa,0e2eb128
35c74ee7,2022-09-09,2024-10-20,COMPREHENSIVE,D,c9380d06,,9bd1dbcf,f7ce030a
b2ff4bec,2021-05-02,2023-01-26,COLLISION,,c9380d06,,708fac4d,f7ce030a
12d7bc81,2021-09-30,2023-01-07,MEDICAL,B,5dde4c26,5dde4c26,594cea90,8187bd22
ee0c4666,2021-11-26,2022-09-07,COMPREHENSIVE,,5dde4c26,5dde4c26,dfed10b0,8187bd22
8b4a989e,2022-09-30,2024-10-27,MEDICAL,A,fe1eebd1,,4e3ed309,bfffed86
337210a3,2023-01-13,2025-01-12,LIABILITY,D,dc24be16,dc24be16,5f2c5e6a,aa2ccc08
f265080c,2021-12-28,2022-12-03,LIABILITY,A,3719b2e1,,9775ab5f,22ee418a
0d35162c,2022-09-29,2023-08-07,LIABILITY,D,3719b2e1,,3d4a935f,22ee418a
85ec5931,2022-10-11,2024-02-26,LIABILITY,C,3719b2e1,804c5c6f,7805d457,22ee418a
766792ad,2021-12-24,2023-11-24,LIABILITY,A,804c5c6f,804c5c6f,1c4bd140,22ee418a
a6033d77,2021-09-19,2022-10-25,MEDICAL,D,804c5c6f,,6dd4b3aa,22ee418a
8af06a84,2022-11-05,2024-12-24,MEDICAL,,1970072d,804c5c6f,764cd73d,65642e19
2d2fccde,2022-08-25,2024-04-22,COLLISION,B,b419a0ac,2d4f2119,36bf70fa,79c586d9
37f26c5e,2022-02-20,2022-06-16,COLLISION,C,786de7bc,b419a0ac,767f4746,79c586d9
2cd4c724,2022-10-27,2023-08-03,COMPREHENSIVE,,d1afb0e2,91268311,8743507a,2a33a974
1abffc96,2022-01-18,2022-01-26,LIABILITY,,8692b272,,91abafef,286b873c
2c9aefe0,2021-10-09,2022-02-21,COLLISION,B,8692b272,,f1e7d144,286b873c
4fa980c5,2021-04-27,2023-05-15,MEDICAL,,4bec11ec,e22b96b8,7b0f21b2,7b7f4ab4
8854af16,2022-09-26,2024-10-25,LIABILITY,A,4bec11ec,e22b96b8,952ebb3f,7b7f4ab4
c02f4ecc,2022-06-30,2024-10-11,COMPREHENSIVE,C,4bec11ec,,b697dcae,7b7f4ab4
a2824335,2023-01-04,2024-10-03,LIABILITY,D,430f0b41,717181d4,d586f60a,49e0b388
175e7baa,2022-01-14,2024-03-21,COLLISION,C,717181d4,717181d4,1178de8f,49e0b388
0ca52b16,2021-02-26,2021-09-23,MEDICAL,,8f1ebff7,,b547d210,49e0b388
ede41817,2021-11-07,2023-07-18,COLLISION,,4e4d6910,0ed0da58,9f2df366,36105c73
2cda5d92,2022-11-15,2024-09-24,MEDICAL,B,4e4d6910,0ed0da58,a5a166ef,36105c73
fee44023,2021-06-05,2023-09-16,COLLISION,D,4feeab6a,8b13d446,132f7769,930ffe61
aa74093c,2022-07-29,2024-05-26,COLLISION,,9439f68d,,6de2e202,8132d7a5
08991210,2021-01-22,2022-03-03,COMPREHENSIVE,D,b4ccd453,b4ccd453,d263d98a,04f5c1a5
3f76e6ed,2022-08-04,2024-07-15,LIABILITY,A,334ac033,334ac033,9900bbbf,04f5c1a5
4a808ff4,2021-08-10,2024-11-23,MEDICAL,A,334ac033,334ac033,603671ca,04f5c1a5
03768f46,2022-02-27,2024-12-07,COMPREHENSIVE,,334ac033,7b298488,237a3e7d,04f5c1a5
39549de6,2021-07-15,2023-04-02,COLLISION,C,85cfc996,5ac11cc0,42baf1dd,07d4b129
7c3845e5,2021-10-22,2021-11-12,COMPREHENSIVE,,7b1f9aa0,35113809,d50902b8,c4941f27
c8f1df7c,2022-11-13,2023-01-30,MEDICAL,B,0ca24805,,f0aad6ff,52583cb6
dbaee07f,2022-06-26,2024-02-22,COLLISION,C,90a8397a,0ca24805,fbd87c0b,52583cb6
dd0e8389,2021-10-30,2022-06-22,MEDICAL,B,30725ab2,9c66dfe7,20554e0a,74a5c246
8c37b4ca,2022-05-11,2024-06-21,COMPREHENSIVE,A,30725ab2,9c66dfe7,9330aaaa,74a5c246
fd331cc4,2022-10-28,2024-05-22,LIABILITY,A,443f093f,443f093f,8a5afd65,36a9b9e9
2e59f4a9,2023-01-15,2024-11-29,MEDICAL,A,443f093f,f747c8db,7d48d102,36a9b9e9
1d68f347,2022-05-23,2022-12-20,COLLISION,B,f747c8db,f747c8db,b6327736,36a9b9e9
c5c8d512,2022-02-16,2023-06-12,COLLISION,B,f747c8db,,5e6aded7,d567e22a
bdd15f14,2021-04-24,2022-08-10,COLLISION,B,f747c8db,443f093f,0d9bb6f7,36a9b9e9
826337f6,2021-05-16,2022-03-04,MEDICAL,B,f747c8db,443f093f,8a3e626c,36a9b9e9
6bb299c7,2021-11-16,2023-07-09,MEDICAL,D,4b5bb844,,cd48135d,36a9b9e9
b5010c5a,2022-06-14,2024-12-12,COLLISION,A,1c5c2b3c,b30595d4,13549e2b,67c9391b
7f70e11e,2021-12-27,2024-07-29,COMPREHENSIVE,A,1c5c2b3c,a62e93fb,323f0fcb,67c9391b
0c24fc9e,2022-02-24,2023-03-25,COLLISION,A,a1297145,a1297145,56889585,d7f40e31
7e0fe18b,2022-07-15,2023-01-16,COLLISION,B,1789a70d,1789a70d,35839f53,46423414
54fbf504,2021-05-09,2023-09-27,COMPREHENSIVE,,33f5a622,33f5a622,4abb6131,03f3ae1c
903e26e7,2021-07-09,2022-09-08,LIABILITY,C,c226cb09,897ece05,3e7f87d1,4e23a1c8
e80273d7,2022-09-24,2023-03-24,COLLISION,D,ea9552eb,,9ec64c04,4e23a1c8
9fd91344,2022-12-17,2024-11-15,LIABILITY,,e6f0d90d,e6f0d90d,210885d0,caa394fd
d4047e7b,2021-11-21,2022-05-08,COLLISION,C,700720b1,700720b1,66b56c57,27b4bbaa
ad354bdf,2022-02-22,2023-11-10,COMPREHENSIVE,B,b4016097,d6fa92a3,eb1ab0f8,133c60ee
f2b8fbeb,2022-03-23,2022-10-04,COLLISION,D,d6fa92a3,,5f27fc6a,133c60ee
22f18072,2021-07-08,2023-08-12,LIABILITY,,bb8a3f94,,545cfb0b,ea867cd3
925e29da,2022-08-02,2023-01-02,COLLISION,A,bb8a3f94,,9c2dd4fd,ea867cd3
8aa5fbbc,2022-11-21,2023-12-29,COMPREHENSIVE,C,bb8a3f94,bf252a12,e8a4abb7,ea867cd3
552f5e26,2021-07-26,2024-12-07,COLLISION,A,bb8a3f94,bf252a12,85c2a2ec,19fcab36
771e79e5,2023-01-02,2024-05-30,COMPREHENSIVE,A,f795f4d3,3da10bdc,0fd3c730,39518335
37489758,2022-12-05,2024-04-01,LIABILITY,A,3d2465ff,,82750210,7a58b26c
4378aac6,2022-01-21,2022-02-03,COMPREHENSIVE,C,3d2465ff,3d2465ff,d0eba801,7a58b26c
ce80801f,2022-12-29,2023-10-05,LIABILITY,A,ffda322e,,bf2c8b92,3280e424
a5ee6b44,2021-09-05,2024-05-26,COLLISION,C,5ee45ece,,b34dda97,7e6e414e
c3325bbd,2021-10-09,2023-03-30,COMPREHENSIVE,,4eb97ce8,,5f55cf8c,3991054e
627e554e,2021-04-18,2024-02-29,LIABILITY,D,4eb97ce8,2d0d86c6,965fb0df,3991054e
be8f484d,2022-05-02,2023-03-19,LIABILITY,A,4eb97ce8,,a44015cc,3991054e
0bec5af4,2022-07-19,2023-06-30,COLLISION,D,2d0d86c6,d2ead897,91cbcd9e,3991054e
11606d53,2021-06-06,2024-12-24,LIABILITY,D,2d0d86c6,,879a0cb1,3991054e
1bf62dc7,2022-07-20,2024-05-04,COMPREHENSIVE,,2d0d86c6,d2ead897,f7a26b22,3991054e
422ed9bf,2021-06-04,2024-07-26,LIABILITY,,b3d55cc2,,509db0c6,d6e257f2
3189cd9e,2022-12-17,2023-12-26,MEDICAL,C,b3d55cc2,,d360cf4e,d6e257f2
49e3efac,2022-01-25,2023-05-01,MEDICAL,C,5b66461b,5b66461b,b13a3858,8ba11c0b
bf6864ee,2021-07-26,2022-02-14,COMPREHENSIVE,C,6c4c0366,5b66461b,640eeaef,8ba11c0b
bc1ee30b,2022-12-19,2023-03-23,COLLISION,A,6c4c0366,5b66461b,6331ea1f,8ba11c0b
e1163dc6,2022-04-01,2022-07-30,LIABILITY,D,a8e050d3,ce4fe695,d62b123d,30732a17
682f5dc3,2022-08-12,2024-01-24,LIABILITY,B,3a6072a0,,3fd565cb,742c3536
8dbdd1dd,2022-05-08,2022-12-14,COLLISION,B,3a6072a0,,49a0727f,6fdbc6e7
6475cd18,2022-03-21,2022-05-03,COMPREHENSIVE,C,3a6072a0,,60f1c628,742c3536
2de3e10b,2021-10-16,2024-05-23,MEDICAL,B,20d512b4,20d512b4,9a8580f2,78144050
5917107a,2022-07-26,2024-06-20,LIABILITY,,971cd450,20d512b4,4bb7a5ad,78144050
0d37f377,2023-01-14,2024-08-20,LIABILITY,A,971cd450,,bcef2933,78144050
ae3aa52a,2023-01-02,2024-09-21,MEDICAL,B,971cd450,20d512b4,178e1396,78144050
cef11013,2022-10-30,2024-08-19,COLLISION,,d2b949a5,9381dc67,47f5b638,0382d4a3
a0344f2a,2022-11-26,2023-09-01,COMPREHENSIVE,,ea319cf6,873c5bbb,12f53c6d,0382d4a3
ea31a5fa,2022-08-25,2024-12-04,LIABILITY,A,ea319cf6,,a901035b,0382d4a3
40fed8cc,2021-06-09,2022-12-13,LIABILITY,A,6fbafd64,705643e9,bf7fd64d,991db262
901140ae,2022-11-06,2023-09-05,COMPREHENSIVE,D,64af65eb,705643e9,550aa643,991db262
f8de6e48,2023-01-09,2023-09-06,MEDICAL,B,64af65eb,705643e9,63ad10b9,991db262
be02f072,2022-02-28,2023-02-22,MEDICAL,,1186b4f8,,fe2fe50a,3aa971ca
0affa705,2022-07-16,2024-03-19,LIABILITY,A,ee5e63dd,24f9c1da,4410fe9f,40488216
d1185939,2021-01-25,2021-06-04,MEDICAL,D,ee5e63dd,24f9c1da,ec54f8ef,40488216
9b0870be,2022-01-20,2023-11-03,MEDICAL,B,ee5e63dd,,b6b4c67e,40488216
3b82ed55,2021-04-27,2023-02-01,COLLISION,B,6ca177d0,ee5e63dd,a3f2c196,40488216
5b6d5942,2021-08-25,2022-01-26,MEDICAL,,6ca177d0,24f9c1da,7917bfb9,40488216
7db322e4,2021-09-03,2022-09-26,COMPREHENSIVE,A,6ca177d0,,28172e7d,40488216
2830cbdb,2022-01-05,2024-09-04,COMPREHENSIVE,C,6ca177d0,ee5e63dd,3eba68bc,40488216
637ac329,2021-11-11,2024-03-06,COMPREHENSIVE,A,30f4ef1c,30f4ef1c,e3a409a1,9ad7cc10
dec63644,2022-10-07,2023-01-17,MEDICAL,D,277c49ac,,71095afb,193f398d
1ba46f4d,2022-11-27,2024-12-08,MEDICAL,C,277c49ac,,0a99101a,193f398d
ece2f9cb,2021-11-21,2022-10-02,COLLISION,B,a5d7e5e9,1264d53e,1877813c,10fae43f
634287ce,2022-08-09,2024-08-10,COLLISION,B,a0eb5eec,89293db3,6786eacc,aa6b474b
35e77d25,2021-09-25,2024-07-31,LIABILITY,B,3d063abb,3d063abb,e6d0bc7d,bc9120f7
e74296ae,2021-11-30,2021-12-24,LIABILITY,C,3d063abb,3d063abb,328ef1ba,bc9120f7
c14f5c40,2022-09-12,2022-11-23,COMPREHENSIVE,D,3d063abb,1d5998dc,254df011,a0112832
795277b9,2021-03-29,2022-04-26,COLLISION,C,a87448ee,,0430586c,4ee13748
f58f3c4d,2021-05-20,2021-09-30,MEDICAL,,7a50d772,1660ecea,8de49b2d,2020e803
58a2228f,2022-01-25,2024-04-24,LIABILITY,D,7a50d772,b5a72b16,10e5db54,2020e803
f6c9f043,2022-01-09,2023-09-06,COMPREHENSIVE,A,cea95df6,4c4d3c49,e9f042f0,29e32b4c
aec7c41b,2022-12-03,2024-11-10,COMPREHENSIVE,A,35ba21a0,d1e2af87,0d889f31,bb12174f
5f864b13,2021-09-10,2022-02-23,LIABILITY,,aa6c91ff,aa6c91ff,22363d2f,043f9cab
98d874a3,2022-01-11,2022-11-17,COMPREHENSIVE,B,aa6c91ff,3feca4f4,c51d3a6d,043f9cab
f07f35a4,2021-12-30,2023-03-01,COMPREHENSIVE,A,aa6c91ff,3feca4f4,96d5d100,043f9cab
92056b3c,2022-10-13,2023-11-29,LIABILITY,B,6f882740,,1fb80c3a,3a24c3f7
c82fdafe,2022-06-25,2022-09-26,COMPREHENSIVE,B,fc3aea28,8ba33a8d,50e731a2,d1207a35
0bf13bbe,2022-11-06,2024-11-18,COLLISION,,8ba33a8d,8ba33a8d,17678670,c9759eee
2d00e00a,2022-05-14,2023-10-23,LIABILITY,C,8ba33a8d,,c006f6a2,d1207a35
1494b3b2,2021-02-10,2022-01-24,COMPREHENSIVE,,fdb24bab,47dbde2c,fadd7ea3,ac6db780
b94b8597,2021-12-05,2024-06-15,MEDICAL,,47dbde2c,fdb24bab,ebffda47,bbf4e3c1
326d308e,2021-03-20,2022-03-04,COLLISION,A,47dbde2c,47dbde2c,73c7e8c3,ac6db780
d7584f5b,2022-04-14,2024-02-07,MEDICAL,,1b46d70d,,92926fd6,ac6db780
7d0efc9a,2021-10-24,2022-05-12,COLLISION,D,2e8326ab,2e8326ab,25c2d5ed,d3e6be63
da2385e8,2022-04-21,2022-07-16,COLLISION,,50974ef0,,a6809d9e,db93b5ea
fa78eefa,2022-07-29,2022-08-30,COLLISION,B,8d7b4c24,8d7b4c24,f73bc546,0274bb6f
9cb7722c,2021-12-04,2022-08-08,MEDICAL,,1058e558,0961d411,e70d6de0,0274bb6f
ab8fccad,2021-08-23,2022-12-15,MEDICAL,C,8c96a4be,8c96a4be,abacb2a2,4e5e37f0
3941aad0,2022-11-23,2024-01-31,COLLISION,B,8c96a4be,896926ce,88b337ee,4e5e37f0
b790fb28,2021-12-01,2023-11-20,MEDICAL,,06ae70ea,05a56ac5,463c3f9b,455914e7
068459e6,2021-04-12,2024-07-01,COLLISION,B,b02ba76a,,8d98b67c,81f940d6
51c5cdcd,2022-06-28,2023-01-29,COMPREHENSIVE,D,b02ba76a,b02ba76a,00bba47c,81f940d6
d070a7d6,2021-08-18,2024-02-24,COLLISION,A,a298e2e4,,7a428c08,fd65029e
f2bf0946,2021-07-13,2023-10-30,MEDICAL,B,895403ce,895403ce,e5999967,039d213b
6ba72a28,2022-01-14,2024-02-19,MEDICAL,A,a3d870d9,895403ce,72f4e9d0,039d213b
b5cdef77,2022-10-08,2024-06-30,COLLISION,A,a3d870d9,895403ce,98cad966,039d213b
f17e844d,2022-02-10,2023-03-16,COLLISION,,7d7a4e9c,,ea4250e0,1e733156
763b782a,2022-05-12,2022-11-08,MEDICAL,C,9560b4e9,,b977ddb1,1e733156
bb45a9db,2022-07-31,2023-08-04,COMPREHENSIVE,D,076dbbf1,7d7a4e9c,785af67f,ce8029fd
cea30907,2021-09-08,2023-03-30,LIABILITY,D,076dbbf1,7d7a4e9c,bcadd7c9,1e733156
181447c1,2022-10-25,2023-11-24,COMPREHENSIVE,,f4135fcf,8512b07f,f0d9b15d,b2ef765f
4e96cfeb,2021-01-23,2024-03-09,LIABILITY,A,7f26c851,,727a61f7,b2ef765f
aad24544,2021-01-22,2022-06-27,MEDICAL,D,7f26c851,7f26c851,98c38ba9,b2ef765f
be066978,2021-12-22,2022-04-17,MEDICAL,A,d27db77c,f4135fcf,0f6e33c2,b2ef765f
680aef32,2021-02-13,2023-08-04,LIABILITY,D,b6636dfe,b6636dfe,dbc2715f,5effe456
e0dbce40,2022-06-26,2024-10-08,MEDICAL,D,80699108,80699108,9d5ac8ee,5effe456
b13916f0,2021-11-26,2022-03-28,MEDICAL,D,80699108,b6636dfe,5e26aed4,16fe0804
23f619a0,2021-07-13,2024-03-09,MEDICAL,B,b3d553da,b3d553da,8adcc7cf,b5395b8b
0b0d58ff,2021-07-21,2022-06-07,LIABILITY,C,011e3837,f47835c0,64076c51,79f3b8eb
9c2c862d,2022-06-22,2022-10-11,LIABILITY,C,2a8631d5,8dc8dd47,4d03a0c7,d2f0e227
6bfc3925,2021-02-14,2024-02-21,LIABILITY,D,b0a9f4a1,b0a9f4a1,70ac2738,d2f0e227
85c2507b,2022-12-27,2023-09-03,COLLISION,,010053b8,,8c3f5b0b,a8dfd26a
4b1dab60,2022-03-02,2022-07-25,LIABILITY,A,010053b8,,a6fbaa0f,a8dfd26a
5b912ef0,2022-10-23,2024-06-19,LIABILITY,D,010053b8,,fac15141,0f239bce
017b25cb,2021-09-21,2023-07-27,LIABILITY,,9c59885c,93ae190c,a87e85b2,a998c613
cc9a5986,2021-10-02,2023-04-20,MEDICAL,B,9c59885c,93ae190c,fda47b3f,a998c613
bbc24044,2022-02-14,2022-03-14,LIABILITY,C,9c59885c,93ae190c,6f302695,944f3dbd
7af3c7b9,2021-12-21,2022-11-24,LIABILITY,A,d7f04de4,634141cd,3cd2f048,f599a1da
d30a1170,2021-04-17,2024-09-10,LIABILITY,,11f254cb,11f254cb,6bd6212d,209e455b
5f411c35,2022-05-24,2024-10-25,LIABILITY,C,1396bc90,,2209b717,209e455b
1a411307,2021-11-25,2023-10-17,COLLISION,,1396bc90,11f254cb,1753ee93,209e455b
2036be6c,2022-12-13,2024-02-18,MEDICAL,C,65882f83,835f6c59,9605d6f9,4fa7c118
705e0105,2021-08-21,2024-01-24,MEDICAL,A,34aeec81,,6e55780e,ce88f758
810e820a,2021-10-15,2023-05-03,COMPREHENSIVE,A,34aeec81,,82ee6aa3,ce88f758
d866757f,2022-06-09,2023-12-17,MEDICAL,D,bea53b3a,,777da3f5,fb29cdfa
7e31f1ee,2021-05-07,2023-10-11,LIABILITY,D,bea53b3a,bea53b3a,1a1b3eef,fb29cdfa
d4173fb1,2022-12-03,2023-07-05,MEDICAL,B,8138d1e0,,d3f2d276,9d12770a
3803c561,2021-03-03,2022-10-06,MEDICAL,B,3c35314c,612cde75,b18756ca,9129045f
d9a743da,2021-08-25,2023-10-10,MEDICAL,,5f4dc056,fd4be0b6,77fcb5b8,3cc94ce3
2cee8de6,2021-12-30,2024-03-05,COMPREHENSIVE,A,40f7af13,fd4be0b6,762cf19d,3cc94ce3
4ebc630a,2021-05-16,2023-06-21,MEDICAL,D,fd4be0b6,5f4dc056,e8ece51e,3cc94ce3
a228c49c,2021-03-24,2022-05-24,MEDICAL,,05e21004,,6cf868c2,54fc3273
dd4db9ea,2022-12-07,2024-01-01,COMPREHENSIVE,D,b94cd12f,,8bedaa2f,d3d7ef47
f18ec0cd,2021-07-10,2023-12-30,COLLISION,,b94cd12f,f6f34555,5d03d167,ae77e745
ec5096d5,2022-11-26,2023-09-02,COMPREHENSIVE,C,562c7680,562c7680,dfd06287,d3d7ef47
3b5d0782,2021-07-27,2022-07-22,MEDICAL,D,3b0eeea7,b94cd12f,0b717cef,d3d7ef47
be6415ee,2021-11-24,2023-07-31,COLLISION,,e2855a3e,,e54564c3,e7be138c
63f10170,2021-06-15,2022-03-16,MEDICAL,,e2855a3e,,694377da,e7be138c
d92dc2c0,2022-09-16,2024-06-28,MEDICAL,D,9ac31472,c64c97a8,fb0cf812,edec2cff
70869ab2,2022-02-10,2023-06-26,COMPREHENSIVE,,9ac31472,,492f3993,edec2cff
251a9918,2021-11-30,2024-05-22,MEDICAL,B,7ff2d71e,c64c97a8,06a2b4be,edec2cff
cc4bc9ed,2021-08-28,2024-07-04,LIABILITY,B,9c98d53d,306920e8,13cf0897,82692dae
308f37b7,2021-02-01,2022-07-26,MEDICAL,A,9c98d53d,9c98d53d,9bbeb9eb,82692dae
2e6d4ffa,2021-05-02,2024-06-03,COMPREHENSIVE,B,9c98d53d,306920e8,1285f03a,82692dae
b4c99064,2022-01-14,2023-04-30,COLLISION,D,1d28f253,1d28f253,b677f2a8,7f7c2c2c
5b75cfd5,2021-01-23,2023-03-28,LIABILITY,,3d0c5f4f,,30eb1a4f,7f7c2c2c
c096120f,2022-11-29,2023-07-08,COMPREHENSIVE,D,3d0c5f4f,1d28f253,bc001849,7f7c2c2c
75651a2b,2022-01-20,2024-03-19,LIABILITY,B,5b02ed59,,19a1ad7f,c881340f
1a512d30,2021-03-24,2021-11-27,MEDICAL,D,5b02ed59,7cd75272,0f816bbe,c881340f
270fc539,2022-12-10,2024-02-26,LIABILITY,A,5b02ed59,7cd75272,03b0ee55,c881340f
996f4700,2021-08-08,2021-10-10,MEDICAL,C,6d754e3c,46dbf253,25668e99,eb42fcb5
b4db5cfb,2022-12-10,2023-07-03,COMPREHENSIVE,D,83824d0a,,2398f4ed,cc5b5c96
3351c9f4,2021-10-09,2022-07-19,COMPREHENSIVE,B,30d95015,,19d3982e,cc5b5c96
ddbb0f76,2021-05-27,2023-06-29,LIABILITY,B,881eb356,f3ab11d7,72915435,de961807
87c24ea8,2021-09-17,2022-10-13,LIABILITY,A,f3ab11d7,2ad0d5b0,7f2cbeeb,de961807
9bc4f396,2021-04-27,2022-10-04,COMPREHENSIVE,B,39bb98a2,39bb98a2,5f710d3f,c0f0f7a0
ba6b8344,2022-07-12,2024-08-07,MEDICAL,B,7c225f86,7c225f86,585dff5d,645387ad
c76fd2b3,2021-08-15,2023-05-31,LIABILITY,,16899bd2,,e2e24ece,bd3b79ed
594cb123,2022-10-20,2024-04-19,MEDICAL,,19ee4254,16899bd2,f0cc529b,bd3b79ed
ab6be198,2022-12-30,2023-04-10,MEDICAL,A,76081fc8,c24b1ace,e021572b,15c47a40
2025f4a1,2021-12-28,2022-09-17,MEDICAL,B,f3d3f0cd,,9405da8b,e8af8b12
e648c7a7,2022-04-24,2024-04-03,COLLISION,D,1d556f59,1d556f59,a47b5521,bfe644f8
dd92e9d7,2021-04-28,2024-01-15,MEDICAL,D,240c14be,d77a4dc9,10613742,bfe644f8
e615fb3b,2022-10-22,2023-09-08,LIABILITY,,240c14be,,eb466b07,bfe644f8
ab75974b,2021-08-01,2024-06-08,MEDICAL,C,2722ca4d,2722ca4d,ddfd7a87,f9f8334f
e3e5027e,2021-02-10,2022-02-17,COMPREHENSIVE,D,2722ca4d,2722ca4d,d1dd4f60,f9f8334f
cd5dd210,2021-07-21,2023-02-23,COMPREHENSIVE,A,ce7c89c0,e69a7ff9,536320d4,929a30c3
9b6b2351,2022-03-14,2024-12-27,LIABILITY,B,ce7c89c0,e69a7ff9,cbd19d25,929a30c3
51e8a5c6,2022-06-11,2023-09-12,MEDICAL,B,5428bad0,92b7f277,0e4be083,1fb475e3
96877742,2022-11-22,2023-02-23,LIABILITY,C,9aeebd85,,007d64b0,1fb475e3
b5903021,2022-10-31,2024-12-09,LIABILITY,C,9aeebd85,,5634e914,1fb475e3
af292f5d,2022-10-07,2023-12-19,LIABILITY,A,42f7ee10,42f7ee10,e26e787a,31116ef6
98799417,2021-04-19,2023-08-30,LIABILITY,B,42f7ee10,42f7ee10,f6e03344,31116ef6
03c1a5ee,2021-03-08,2021-06-03,COLLISION,,42f7ee10,42f7ee10,accdd4d7,31116ef6
315f3668,2022-04-20,2025-01-17,LIABILITY,,0f5353b9,,fe316746,99567c9a
a3a65495,2022-09-09,2022-12-24,LIABILITY,B,0f5353b9,0f5353b9,56fafd82,99567c9a
42e74e95,2022-01-24,2022-12-10,COMPREHENSIVE,B,0f5353b9,d72b91e3,6c646fc2,99567c9a
eea13290,2022-02-04,2022-06-10,COLLISION,A,3c8cdfea,887c4bd5,b6da8cc5,f7bd9e9f
4c5fac6f,2022-08-03,2024-01-15,LIABILITY,B,51c77b71,51c77b71,2473e3f5,cb1a69f8
9c8eeaf7,2022-01-02,2024-08-28,COMPREHENSIVE,D,e08c3c15,e08c3c15,eb3735da,781ce884
6c61cf58,2021-11-22,2023-09-15,MEDICAL,C,8ed39be0,a271fdf5,2ad074c5,df7b231e
bcdb70cd,2021-01-29,2021-10-19,LIABILITY,D,a271fdf5,,55bf3db8,e092c709
1b9801b5,2021-10-19,2024-01-05,MEDICAL,A,a271fdf5,8ed39be0,1cdb9a18,df7b231e
f85dcbac,2022-01-29,2023-09-01,COLLISION,,a271fdf5,a271fdf5,168ce828,f448de0c
e33d15a0,2022-06-19,2023-05-27,COMPREHENSIVE,A,b3738fc0,9db1b56c,4aa5dc31,8f05ca09
eee7d672,2021-02-14,2025-01-01,COLLISION,,083aa3c1,083aa3c1,274d152e,eaac69c4
3629df7c,2022-03-28,2024-08-06,MEDICAL,B,083aa3c1,083aa3c1,bf047f58,eaac69c4
f78d35c8,2022-02-27,2022-08-14,MEDICAL,B,31bbdbbd,2ef541a2,751091f1,cd79c45b
436abe89,2022-06-07,2024-12-10,COLLISION,B,e9e4bcde,31bbdbbd,95176762,cd79c45b
c1718d7a,2021-04-27,2024-05-08,COMPREHENSIVE,D,e9e4bcde,31bbdbbd,fe0b9a75,cd79c45b
b127ea30,2021-05-29,2024-08-26,LIABILITY,C,2ef541a2,e9e4bcde,0910385c,cd79c45b
eea7df83,2022-08-10,2023-06-15,LIABILITY,A,2ef541a2,,9e170fec,cd79c45b
6000debd,2022-03-14,2025-01-18,MEDICAL,,18f3365a,,9b88091c,22cae459
1e2c0a4c,2022-12-17,2024-08-09,COMPREHENSIVE,B,2a7b3a76,2a7b3a76,7baecbaf,783def4b
16103622,2021-04-09,2023-06-30,COMPREHENSIVE,C,b540ee53,ce146daf,4a3df61c,d7474f34
78ff4baf,2022-02-01,2022-07-01,LIABILITY,,b540ee53,24e8d243,179c1a1f,d7474f34
ed1abf9b,2022-02-28,2024-08-24,COMPREHENSIVE,D,ac85b955,ac85b955,522ba922,2f7510d1
6f5ae3b0,2022-07-06,2022-07-21,COLLISION,,96c8bd7f,f955ecf7,1fd82b60,e5ca04a1
54ff23ce,2021-05-18,2022-10-27,MEDICAL,C,96c8bd7f,,d431f270,e5ca04a1
46e50712,2021-12-01,2022-05-29,MEDICAL,B,96c8bd7f,96c8bd7f,20ed422c,e5ca04a1
928a9ea5,2022-12-11,2024-08-13,COMPREHENSIVE,A,26b2b48f,f955ecf7,ff769eab,e5ca04a1
078fed88,2023-01-05,2023-06-06,MEDICAL,,26b2b48f,96c8bd7f,758120da,07adbcd4
a08deffd,2021-07-29,2021-09-27,LIABILITY,B,47196e1f,47196e1f,9c2cd129,00dd805d
f1fe05b8,2022-11-27,2023-02-17,MEDICAL,,d1037a14,84bb28b3,a5fd47ea,8908f8cf
56f08add,2022-08-30,2022-12-13,LIABILITY,C,84bb28b3,,ff8bb356,00dd805d
96b13be2,2021-07-31,2022-01-08,COLLISION,C,97ba56be,97ba56be,ebf90053,2aba3ddf
d7f3afbb,2021-07-18,2023-04-08,LIABILITY,A,ad8e8f2e,ad8e8f2e,4805abbc,2aba3ddf
5412fca8,2022-05-26,2023-02-05,MEDICAL,B,ad8e8f2e,97ba56be,9e30f991,2aba3ddf
a8c8ae27,2022-02-13,2024-04-25,COMPREHENSIVE,D,86d9a759,,63c6215d,0154787e
a0f724f2,2021-08-29,2024-12-10,LIABILITY,C,a153b62d,,5ca8cbaf,e1353c36
41ebf86f,2021-11-22,2024-09-08,COMPREHENSIVE,,a153b62d,,5d6c1fc5,e1353c36
b8db2cd2,2021-04-18,2022-11-08,COLLISION,C,549e1f2d,549e1f2d,2473a111,e1353c36
7c259293,2022-12-27,2023-12-06,LIABILITY,C,3b5064b2,d253c271,fb98ca9f,e035a5cc
9309a0a8,2022-12-30,2024-05-22,COMPREHENSIVE,,69c88ee9,865b6e62,19f57f0c,a3bc13e7
967c9619,2021-07-14,2022-01-26,MEDICAL,D,e1136ed9,,41a86b98,7599c0c0
4eeeea4c,2022-04-04,2023-05-06,COLLISION,C,3cddb9ce,3cddb9ce,3fc1cd8d,7d036ffc
91ab9cef,2021-04-14,2022-09-23,MEDICAL,B,1156dffe,,0f6cb7bb,d638eace
eee47ee6,2021-01-21,2025-01-17,COMPREHENSIVE,C,1156dffe,,3c7aaf97,d638eace
ea81b4a4,2021-05-08,2024-07-28,COLLISION,C,1156dffe,,caf098a0,d638eace
7179c99f,2021-12-31,2022-02-09,COMPREHENSIVE,B,99caa89f,1baa929d,2d4a2be7,1de6c726
18ac5a31,2022-02-01,2024-06-27,COMPREHENSIVE,D,1baa929d,99caa89f,ea5f9f6a,ef70d123
99090869,2021-06-22,2024-06-10,COMPREHENSIVE,A,1baa929d,99caa89f,adbeae09,1de6c726
faa54f28,2022-05-12,2023-05-07,COLLISION,D,10f6a5a6,10f6a5a6,4c517938,260aff7c
518714f4,2021-09-23,2022-03-23,COMPREHENSIVE,B,d8a18abf,10f6a5a6,4670dc40,260aff7c
1d081c0b,2022-10-13,2023-08-27,LIABILITY,,7e12aee7,1496675a,41b9f8f9,100aa121
fa971270,2022-03-19,2024-04-22,MEDICAL,D,235b4db8,a547cef6,c6a1a386,997a64e9
a5235e25,2022-01-05,2022-02-23,COLLISION,D,235b4db8,a547cef6,23d757af,997a64e9
20109b1c,2021-11-23,2022-09-20,COLLISION,D,235b4db8,a547cef6,294c55f5,997a64e9
3f101bc4,2021-03-05,2022-10-08,COLLISION,C,bb214b2a,768d851b,d1a5ee07,69062138
aaf24342,2022-05-04,2023-02-18,LIABILITY,A,bb214b2a,1928385e,c2cb18c3,69062138
795436ae,2022-08-03,2023-11-20,LIABILITY,D,bb214b2a,,35e468a6,69062138
a8756817,2021-05-04,2024-07-19,LIABILITY,D,bb214b2a,,6dcc0b1d,69062138
e00869d4,2021-07-06,2024-05-10,COLLISION,,03ec2846,09b445d2,db1b6334,93b1cbd4
a9c499cb,2023-01-13,2023-08-08,COLLISION,C,42b5729f,,25504a24,dd04fee1
71ca90a6,2022-12-15,2024-02-03,COLLISION,B,42b5729f,,852c5fcb,dd04fee1
a1861665,2021-12-06,2023-02-07,MEDICAL,D,b5cc5903,9ab59c56,93225172,c30bc920
a0b69a77,2022-08-18,2023-02-23,MEDICAL,B,b1894a99,b1894a99,6315f1d8,4d6a3aa2
5c5e17b9,2022-03-02,2022-04-26,MEDICAL,A,b1894a99,,0399cdc7,4d6a3aa2
38849a0e,2021-09-05,2021-12-18,COLLISION,C,02c04a98,7e4fdf7c,dadbb8d7,ff258c3b
5d654b2a,2021-12-27,2022-05-12,MEDICAL,A,02c04a98,,8917cf69,ff258c3b
2216eee4,2021-03-15,2022-06-20,COLLISION,,49400fc2,7e4fdf7c,d933b96f,90a1fb8c
99e99c9c,2022-10-12,2024-10-02,LIABILITY,A,49400fc2,02c04a98,b8fffa02,ff258c3b
0ac37e20,2021-07-26,2023-01-02,MEDICAL,,bfbe2b7b,e09fa64c,31aa3b01,0684d3d9
b47368d8,2021-08-14,2022-01-29,LIABILITY,A,bfbe2b7b,e09fa64c,b142ae0d,9d801e79
1590db05,2022-09-24,2024-04-12,MEDICAL,A,0ff5822e,6846af6d,bf0f0bcd,a76a9bea
eef0a390,2022-03-10,2022-09-30,MEDICAL,A,0ff5822e,,c23e652d,a76a9bea
65bb4f05,2021-12-09,2024-03-21,COMPREHENSIVE,C,0ff5822e,6846af6d,494d7078,a76a9bea
a42acc07,2022-07-10,2024-11-13,COLLISION,,f5531ac1,f5531ac1,08cf3bf3,938f6c75
ab2710a1,2022-01-06,2023-05-20,MEDICAL,D,2601dcc9,f5531ac1,33d78536,938f6c75
aa168fe0,2021-08-24,2021-10-23,COMPREHENSIVE,C,5e2dd6fd,,9a5e31a7,4a276eb5
755a33d5,2022-09-20,2024-03-30,COLLISION,,5bc38a9b,,234af2a6,4a276eb5
676d6d32,2022-12-08,2023-05-02,COLLISION,D,fc1789d3,fc1789d3,35dcdda8,22c7d473
472b0d7b,2021-11-06,2022-07-03,COMPREHENSIVE,,f0c76711,9404974e,02fa2728,b4c6b7ba
32f3b6d2,2022-01-13,2024-12-18,COLLISION,C,bda91e9f,b908b868,e8007659,f51ab489
4409c53c,2021-05-07,2021-11-16,COLLISION,,b908b868,,d7e31c1d,f51ab489
4f18fc29,2021-05-21,2024-07-11,LIABILITY,B,08397bba,b908b868,db14db01,f51ab489
bc25e2cf,2023-01-13,2024-12-05,LIABILITY,B,08397bba,,9b6c06ef,f51ab489
4bbc66bd,2021-11-08,2022-03-26,MEDICAL,D,42392d36,b908b868,b084ceda,f51ab489
7f6a7579,2021-10-31,2024-02-29,COMPREHENSIVE,B,42392d36,,cb9d35e1,f51ab489
49f63c5b,2021-12-07,2024-07-04,COMPREHENSIVE,B,42392d36,bda91e9f,bfecf903,f51ab489
ffe228d3,2022-07-08,2024-10-04,LIABILITY,D,b4fe4b6b,,76ce525f,3e6b131b
e60a4fdb,2021-12-19,2023-06-09,COMPREHENSIVE,A,d7774b4b,b9ac8d5a,b5e7d529,3c58064c
a6031e0c,2022-08-28,2022-10-21,LIABILITY,,afe00f8b,,bfea0736,13f63ed1
04968875,2021-01-26,2022-12-02,MEDICAL,D,3e00d865,3e00d865,4fe4f9d6,ab4b3b96
1b753470,2022-08-13,2023-07-21,LIABILITY,,3e00d865,3e00d865,333a2e92,f8f4a63f
166d1ffa,2022-07-04,2022-10-18,MEDICAL,B,9609adca,3e00d865,6aa90a9d,ab4b3b96
1a1c6a59,2022-02-25,2023-05-02,MEDICAL,B,9609adca,,46bf5887,ab4b3b96
6af05d29,2022-04-10,2023-12-13,COLLISION,,9609adca,3e00d865,bd6ae7fa,ab4b3b96
102acd4a,2022-07-04,2023-06-11,LIABILITY,B,857e365f,,cfdb34f8,97bdcc6a
8586aceb,2022-02-08,2023-04-16,COLLISION,C,857e365f,24c43f30,69b015c7,3e04f6c5
2e5d7b2c,2021-03-14,2023-02-12,MEDICAL,D,d1cc53cf,,28e15e73,66e8063b
74b37266,2021-12-08,2023-09-21,COMPREHENSIVE,A,df46a30f,df46a30f,0c245dfc,f01f5f7d
387de6ae,2022-07-09,2022-10-24,LIABILITY,D,df46a30f,,0db50428,6a0f84aa
e8420f76,2022-08-28,2025-01-16,COLLISION,D,56fe849a,,4c79f92e,f01f5f7d
d4ffd01c,2021-09-07,2023-02-06,LIABILITY,,9e46f984,9e46f984,6a8a5bf3,1812bac7
adc475bd,2021-07-12,2023-04-23,LIABILITY,C,9e46f984,9e46f984,2881ca86,1812bac7
e7ccae06,2021-12-09,2022-01-25,COLLISION,D,59cc32f8,,64701ce9,103c09ae
b94018d7,2021-05-02,2021-08-08,COMPREHENSIVE,A,1cdbe73c,1cdbe73c,e56371a0,ff76f2ba
9603d06e,2022-08-10,2024-02-17,COLLISION,B,98d69437,ff815055,88661a7e,7183c512
d2a58707,2021-06-07,2023-07-01,MEDICAL,D,98d69437,ff815055,5fc7759d,7183c512
1164b83b,2022-07-09,2022-07-19,COMPREHENSIVE,C,72a10c15,72a10c15,7556ca77,59559af2
f12d19f4,2021-11-17,2022-01-07,LIABILITY,C,7138f5cc,,b2061b20,59559af2
4f6417fa,2021-05-28,2021-08-28,COMPREHENSIVE,,2e8c47fd,2e8c47fd,044a1a19,7a3f01ff
772a2c16,2021-12-25,2022-08-30,MEDICAL,D,9c1fd5e1,,0202b8c9,9a36e719
cd768d30,2023-01-05,2024-07-14,COMPREHENSIVE,B,9c1fd5e1,,01440417,a8c5ee42
e49548dd,2021-10-02,2023-05-20,LIABILITY,A,9c1fd5e1,,493c5176,9a36e719
d8dfd9c9,2021-12-28,2022-01-08,COLLISION,C,36189424,,cb6af5a2,611445dd
02bb76f2,2021-07-19,2024-07-30,COLLISION,C,7a79b788,,42aa0fd5,16508330
e7c3fa91,2021-06-05,2024-01-23,COLLISION,A,7a79b788,7a79b788,5ac80c0d,16508330
41ffa6d8,2021-05-03,2023-04-27,MEDICAL,A,871cb980,,5dac6ad8,16508330
5b687ae9,2022-09-06,2023-12-20,COMPREHENSIVE,D,871cb980,7a79b788,c08c54ae,16508330
eaff0f74,2021-10-03,2022-06-27,MEDICAL,,76ece6d8,438fc5fa,ffd395ee,d2c45336
6f45c13e,2022-02-19,2024-07-16,COLLISION,D,3234336d,,808b6614,d15579db
008ab399,2021-10-08,2024-02-10,MEDICAL,B,f0e47988,f0e47988,24059e6a,f576ea44
57202d21,2021-07-20,2024-02-18,MEDICAL,D,f0e47988,f0e47988,1b06267d,f576ea44
ac4db2cb,2021-11-18,2023-10-31,COLLISION,C,f0e47988,ca85c349,10cc4d3b,f576ea44
43ba1f01,2021-10-09,2021-11-28,MEDICAL,A,7a8b857a,d7b07c48,e3f28f0e,8dfd001f
bbfa5648,2022-02-14,2022-03-26,COLLISION,C,08e43b3c,,2ff36868,96f5c62b
041d10c1,2022-06-30,2024-08-03,COLLISION,A,9cfcf995,,3458af3e,96239191
639b885f,2021-03-31,2023-05-09,MEDICAL,D,7161e5bf,,986394de,1782cf56
9c6bc0d1,2022-08-07,2024-12-08,MEDICAL,B,cd2ff403,cd2ff403,18e6f5ba,d20bed17
4259d444,2021-05-17,2022-04-02,COMPREHENSIVE,A,cd2ff403,d19384b1,18a1bdf2,cf1fcb85
4a58a4a2,2021-07-28,2022-02-16,LIABILITY,,6c107ef0,c0f9ffb3,54e55a07,7434f515
cb8c1af8,2022-11-01,2023-08-09,COMPREHENSIVE,D,c0f9ffb3,c0f9ffb3,8af6e3c7,b6ddc388
82779ca6,2021-05-05,2023-05-15,MEDICAL,B,9b46f9cb,c0f9ffb3,82286b96,7434f515
943727e6,2022-05-01,2022-08-13,LIABILITY,A,ca3de910,ca3de910,745a08da,1612a1f0
79ee7be8,2021-10-29,2024-01-08,COLLISION,,033e1388,,0f181a06,a110260e
02960809,2021-09-11,2024-05-31,LIABILITY,C,033e1388,c7808485,5517589a,ef9101c2
c20b5989,2022-10-14,2023-10-16,COLLISION,B,3b894016,033e1388,4c8431e3,a110260e
0dae5e40,2022-05-20,2024-06-30,COMPREHENSIVE,A,3b894016,,a0f8bc91,a110260e
cf081627,2022-01-18,2023-11-26,LIABILITY,C,a341dc1a,,f955ad47,0a2e1cb1
bcfc08ca,2022-08-09,2023-06-07,MEDICAL,,a341dc1a,cd76ed2b,133e0def,6f55c3bc
dc1824d4,2021-05-05,2024-03-22,COMPREHENSIVE,C,a341dc1a,cd76ed2b,2853c7d2,7649c1a7
a1162c65,2021-10-07,2022-12-20,COLLISION,C,cd76ed2b,a341dc1a,2b784300,7649c1a7
078bffb1,2021-11-19,2025-01-08,COMPREHENSIVE,B,cd76ed2b,25749aa4,83727b7d,869a4f4b
0cd4a342,2021-03-23,2023-12-13,COMPREHENSIVE,D,17f2644f,cd76ed2b,fa888647,7649c1a7
fc7a5a6d,2022-03-18,2024-06-13,COMPREHENSIVE,A,d21cd44e,7317c7a3,e36df4d5,4fe9c0e9
e5713128,2021-05-19,2022-04-10,COLLISION,A,b210956a,b210956a,52df1b9f,d63635e3
6903d91d,2022-08-26,2024-07-13,LIABILITY,A,e58d41c7,b210956a,972d37d1,d63635e3
4be444a8,2022-04-16,2023-01-17,LIABILITY,A,e58d41c7,22d85b39,33e8deb4,d63635e3
e4f158d2,2021-07-20,2021-08-25,MEDICAL,C,e58d41c7,22d85b39,80e3129a,d63635e3
55b7c6b5,2022-08-10,2022-09-05,LIABILITY,B,8c0e2cad,7d4ddd86,a7a61409,f8385e24
deff02ee,2022-03-31,2022-09-18,COMPREHENSIVE,B,e54802f5,e54802f5,e223a33b,66545157
a9c8d2fe,2021-04-27,2024-03-29,LIABILITY,C,f8b0cd97,,d6deb72e,1279ec7a
de274a89,2022-12-08,2024-02-16,MEDICAL,,e01af1c6,0fa7a81d,9e477cd8,b960b906
75cfcb37,2022-09-23,2023-08-30,MEDICAL,A,e01af1c6,,4e339903,aff3ea4e
09f2033a,2022-04-28,2023-11-30,COMPREHENSIVE,A,e01af1c6,e01af1c6,9854dab6,b960b906
1f3f84d1,2022-02-08,2022-09-04,LIABILITY,A,bb4b4506,e01af1c6,dc0a317b,b960b906
b1b276ff,2022-08-25,2024-09-06,COLLISION,A,bb4b4506,e01af1c6,f850bced,b960b906
d29bb44e,2023-01-01,2024-11-03,MEDICAL,B,8c3bd162,3d634e7e,969777ab,bb8f8128
17db6432,2022-02-24,2024-03-31,MEDICAL,D,16721dd9,55dcfa7a,07bb265f,b8f941e6
034e5208,2021-06-13,2021-07-21,COLLISION,B,4d1519d0,04c47221,b104dfd4,125d6969
77703d9e,2021-08-07,2024-02-22,LIABILITY,C,8a7f0c14,,373cdf79,125d6969
8ee1d95f,2021-11-23,2024-06-23,COLLISION,B,72c86e34,3a45fd0d,f9ee14fe,1a03be71
a5461ba8,2022-11-09,2024-03-01,COMPREHENSIVE,B,0c7f4c19,4cae3b5b,864b682c,b39a8b98
1295fba2,2022-04-18,2023-02-10,COMPREHENSIVE,A,958ea102,95c5222c,8e80faf2,0df2b063
eefede60,2021-04-03,2022-07-17,COLLISION,A,316dfda8,,37d7d61f,ee8991bc
c0f0ff93,2022-05-30,2022-11-28,COLLISION,D,a8af5dde,a8af5dde,375dbbca,539a63c2
7e1ba40f,2021-11-07,2022-02-13,COLLISION,D,3aa17788,0c9116cd,9200a16d,f8277cef
e707b3b0,2021-01-28,2021-12-11,COLLISION,A,0c9116cd,,77b19afb,894456c6
ae76e939,2021-12-29,2024-08-30,COMPREHENSIVE,,42b339af,,d7138493,57a0fd7e
3b083a78,2022-02-25,2023-08-02,COLLISION,,871f55ff,871f55ff,2dbcbc87,5ce5e9c0
bc4f3eb1,2022-05-11,2024-10-09,COMPREHENSIVE,A,d5eda5df,,78aa7820,6f9e37eb
9b1f3992,2022-08-09,2023-01-23,LIABILITY,,d5eda5df,d5eda5df,3d68a542,6f9e37eb
d94b9b8f,2021-06-24,2024-09-14,MEDICAL,,9e6e4153,,40a758f2,20415825
83fc7c17,2021-03-31,2022-04-10,COLLISION,,bc135d4f,bc135d4f,16e4e13e,a0a6e7fd
595f687a,2021-04-09,2023-07-30,COMPREHENSIVE,B,bc135d4f,,8785713d,463c8324
0d352430,2022-01-14,2023-10-15,MEDICAL,D,44a17564,44a17564,8e15fb65,fb4b1764
2ec3bf7e,2022-06-21,2024-04-03,COLLISION,C,16303074,44a17564,d57b9f85,fb4b1764
6ea442b4,2021-07-20,2024-12-12,MEDICAL,C,98f3f7c3,afd18e58,e6a76833,93b821a6
26db619c,2022-04-30,2023-08-22,COMPREHENSIVE,B,98f3f7c3,98f3f7c3,fccc0732,93b821a6
1b5a8398,2022-12-08,2024-04-01,MEDICAL,B,98f3f7c3,98f3f7c3,70ce9f5e,93b821a6
33c86e38,2022-08-26,2024-06-02,COLLISION,A,98f3f7c3,,be77fd84,aacaf676
f556cc4d,2022-03-19,2024-11-15,COMPREHENSIVE,C,afd18e58,98f3f7c3,d00e3a9b,93b821a6
d078612d,2022-07-23,2023-07-07,MEDICAL,B,afd18e58,98f3f7c3,b643d1ec,93b821a6
7622f0b1,2021-03-01,2022-04-29,COMPREHENSIVE,C,afd18e58,afd18e58,4b5bfda1,f2648e81
fedc5340,2022-12-30,2024-07-27,LIABILITY,B,b7c40bc0,b7c40bc0,eedca7a4,49aa37a5
dcafa937,2022-03-26,2023-03-09,COMPREHENSIVE,D,e98e6fb9,e98e6fb9,159036fe,0efe9b22
a236b7c3,2022-05-15,2023-11-30,MEDICAL,C,f7bd1785,,948a763c,63e0c34a
09af6586,2021-10-17,2023-02-13,COLLISION,C,aff1e603,f7bd1785,7322e1ba,c7487d1c
1c196c35,2022-03-30,2023-04-30,COMPREHENSIVE,,aff1e603,e3b35fc9,23d96177,63e0c34a
b0635644,2021-06-27,2023-09-23,LIABILITY,C,7d05588f,65383474,c0339a47,162b34b6
11babe42,2023-01-07,2024-01-30,MEDICAL,B,dbf04e52,,67eeb6f8,131974d5
b6baccb9,2021-06-11,2022-08-20,LIABILITY,C,9f49a4a8,c2d37f29,3d10565d,6066af24
8973325b,2022-08-16,2023-10-13,MEDICAL,C,9f49a4a8,9f49a4a8,73130709,6066af24
23b29264,2022-03-13,2024-10-18,COMPREHENSIVE,A,65552884,9f49a4a8,18e00482,6066af24
092907bc,2021-02-06,2023-01-29,COMPREHENSIVE,B,a358dda2,,8b8972f1,af21bfed
8f12c6c5,2022-09-17,2024-12-28,COMPREHENSIVE,,39037622,99f20574,a337b970,5b0c8bec
086b3cfa,2021-01-23,2024-12-31,MEDICAL,,588d513b,588d513b,464c3b5a,5b0c8bec
62def903,2022-06-24,2023-04-15,COMPREHENSIVE,A,c7a51100,fe726730,2d5a5e3e,deea3de3
593938cd,2021-05-09,2023-10-26,MEDICAL,C,0d175e39,,f3b6bf85,1e6db594
234aefee,2021-06-25,2024-10-05,MEDICAL,B,0d175e39,,7376bfa4,1e6db594
3d04493f,2021-12-24,2025-01-09,MEDICAL,,443ebb24,0d175e39,73b0c187,1e6db594
2714e11f,2022-11-14,2023-10-28,COMPREHENSIVE,B,2eb74769,9f8d7e07,a07be510,3da3fb62
9584e28a,2022-11-11,2023-12-10,MEDICAL,D,2eb74769,,be0e090e,8550cbda
441573a0,2021-11-19,2023-08-16,LIABILITY,A,2eb74769,,7fbecd3d,8550cbda
16960b1a,2021-01-24,2024-10-20,LIABILITY,A,c544de17,c544de17,34d84ddc,217efe48
db2053c9,2021-07-28,2023-05-08,COMPREHENSIVE,B,c544de17,c544de17,708039bc,217efe48
47299d5e,2021-04-19,2024-04-29,COMPREHENSIVE,B,f7f61f65,f7f61f65,48d31d43,9e0b5216
e2a18304,2021-11-14,2024-08-21,MEDICAL,A,ea948a6e,f7f61f65,088c9459,9e0b5216
e4cae32d,2023-01-15,2024-09-02,COLLISION,,ea948a6e,ea948a6e,6d84fb53,9e0b5216
22a13770,2021-05-23,2021-07-15,MEDICAL,D,ea948a6e,d9ffdd63,b4f83d85,acf88ef5
125c1819,2021-01-24,2023-09-17,COLLISION,D,cf2b54fb,,e703d9a9,089a912f
4e092099,2021-02-27,2023-01-11,COMPREHENSIVE,C,1ef03d30,1ef03d30,38d641ff,2246d20e
e8b1eaa2,2021-10-25,2023-07-08,COMPREHENSIVE,A,5d4a7c26,8046ba07,861b548d,d56efaa7
9ea379c9,2022-10-04,2023-01-05,MEDICAL,B,a3cd75c4,,8893d287,d56efaa7
b78c0396,2021-02-08,2022-06-26,MEDICAL,B,35f26ac3,,27e61417,5bed5a09
652af8a9,2021-09-23,2021-10-26,LIABILITY,C,7bdc26dd,7bdc26dd,1404da7f,05689522
58da02a5,2022-05-20,2023-11-12,COLLISION,D,7d7a5f61,6660bd2f,01dec92c,05689522
24d85d04,2022-05-12,2023-03-06,LIABILITY,,cf5c308b,e6af8bfe,1f2bfc1c,511c9437
a30cf555,2022-07-18,2023-01-24,COMPREHENSIVE,,cf5c308b,e6af8bfe,02789cab,511c9437
47777131,2021-03-27,2023-07-30,COMPREHENSIVE,C,cf5c308b,cf5c308b,adc9205f,511c9437
4688a6d6,2021-12-30,2024-02-03,COLLISION,C,699ee1c0,c57b6397,bd50ab35,1e4bb943
0e7ea5ab,2021-10-09,2023-04-20,MEDICAL,,699ee1c0,,fd1bc1b3,cb9e3ad2
31c1a590,2022-12-14,2023-06-15,COLLISION,,d8bc8c61,a58b7372,fc4cf034,18274339
21cd8c79,2022-05-19,2022-08-12,LIABILITY,A,27ea92e1,27ea92e1,e9fc4b25,08fa71ee
d353175e,2021-12-05,2023-09-16,LIABILITY,B,27ea92e1,27ea92e1,8aada536,08fa71ee
e2fc4253,2022-04-02,2022-04-29,MEDICAL,C,27ea92e1,57a466ac,669cd077,08fa71ee
b1bfdd81,2022-07-24,2023-03-06,COMPREHENSIVE,C,dd03d4e3,,cf1df67c,9d2481d5
06bcb714,2021-06-18,2022-08-09,COMPREHENSIVE,,dd03d4e3,dd03d4e3,191a989d,9d2481d5
e624bea2,2022-10-01,2023-07-28,COLLISION,C,d582c599,7dc5b547,f4ffbb83,564a171a
1451d979,2021-11-07,2022-06-11,COMPREHENSIVE,C,d582c599,7dc5b547,58d2d826,564a171a
66dfea77,2021-07-04,2024-04-17,COMPREHENSIVE,C,b575f46d,,9b98625d,cd362673
034eace6,2021-05-09,2021-07-23,COMPREHENSIVE,C,6499450b,d62edc60,c34c9a55,98d56077
9fb255f1,2022-10-03,2024-01-06,COLLISION,C,6499450b,6499450b,9b0d6ee3,b7c417bf
979b1ce2,2022-11-09,2022-12-13,COLLISION,D,6499450b,6499450b,b171a4df,98d56077
13a515c5,2021-09-10,2023-07-02,COLLISION,A,3f400ae9,d62edc60,3f78cf6c,98d56077
237e412f,2022-06-05,2024-09-15,LIABILITY,,3f400ae9,6499450b,73516658,ec7d843c
c4539ca3,2021-01-27,2024-10-25,COMPREHENSIVE,B,64cd6466,,2fc8cef0,dcba7487
40fd9165,2022-10-24,2023-12-02,LIABILITY,B,14861689,,7c85b9b0,51eace43
ce5cde60,2022-06-18,2023-12-21,LIABILITY,B,14861689,621e901e,a8dfcfe0,51eace43
99c3605e,2022-01-14,2023-04-06,COLLISION,,289d2b0f,,2337fa5c,51eace43
4b092781,2022-10-31,2024-10-02,COMPREHENSIVE,A,621e901e,,4f03f92e,51eace43
b247defb,2022-07-27,2023-07-19,MEDICAL,B,6171c0a4,52698ed2,1af9bb23,8f0fae7c
97c293c8,2022-09-04,2023-07-23,COLLISION,D,52698ed2,,4360d7f3,8f0fae7c
1758060b,2022-07-29,2024-02-11,COMPREHENSIVE,B,52698ed2,52698ed2,f113f131,8f0fae7c
669c5f3f,2022-02-28,2023-06-22,MEDICAL,A,b7103494,b7103494,a13606e1,3090ee68
5fda61de,2022-11-11,2023-05-20,MEDICAL,D,b7103494,,0e7d5afe,3090ee68
e4df4269,2023-01-08,2024-05-11,COMPREHENSIVE,,f883d4c1,f883d4c1,d64543d0,02b21bb3
955e73f8,2021-08-14,2023-10-22,COMPREHENSIVE,B,ac61193d,,b27bf6be,02b21bb3
27a3e328,2021-11-25,2023-03-05,LIABILITY,,20ee41af,,96de1941,2b553355
f406f463,2021-03-23,2024-07-21,LIABILITY,B,20ee41af,,ddaf8247,2b553355
26bf58dc,2022-12-18,2023-06-30,COLLISION,C,76d178b9,76d178b9,3db5696f,aa994fa7
1fff289d,2021-12-08,2023-09-14,LIABILITY,A,76d178b9,76d178b9,30fc0f19,7a8deea8
4d4d2d5f,2021-07-13,2021-12-31,COLLISION,C,4feedf3e,76d178b9,8ce08106,7a8deea8
3d6919ee,2022-01-23,2024-11-25,COLLISION,B,4feedf3e,,9fe0eb74,7a8deea8
b6922ef3,2022-06-16,2024-10-23,COMPREHENSIVE,B,4feedf3e,76d178b9,bb5ee53f,7a8deea8
906d8f0d,2021-06-29,2021-07-09,COLLISION,C,3db5ded3,3db5ded3,67632586,683375d3
ab5d62b3,2022-12-15,2024-09-22,MEDICAL,A,6879a401,3db5ded3,a1ea14e6,683375d3
630a5c87,2022-01-02,2024-03-11,MEDICAL,B,364853e0,d7033e79,4906ed2c,f0866f1b
c3ccd50f,2021-06-10,2021-11-17,COMPREHENSIVE,A,364853e0,825b4d6d,281a208e,d4a3572f
0e29a1d9,2022-12-16,2024-04-19,COLLISION,,364853e0,825b4d6d,335c28fc,f0866f1b
c0b1d3ac,2022-07-01,2023-08-05,COMPREHENSIVE,,46b6d1e6,12b47f9c,0c552234,937aad48
ab02f874,2021-05-31,2023-02-01,MEDICAL,,a6c5f8a0,,e509caf8,937aad48
ac1100f9,2022-02-04,2023-07-12,COMPREHENSIVE,C,dfdda47b,869cfc33,04056bf9,f7ca217d
7688e806,2022-11-15,2024-04-11,MEDICAL,A,f84c23e4,,a246d07f,202e41aa
568e1a66,2022-04-09,2022-10-08,MEDICAL,B,6faaea5a,6faaea5a,1744639e,250a6992
cbfb0acc,2021-10-20,2023-09-10,MEDICAL,,6faaea5a,6faaea5a,beb246c1,250a6992
b568f0f0,2023-01-14,2024-06-10,MEDICAL,B,c78016cd,c78016cd,1f12ec8f,250a6992
7cd3ca4b,2022-04-20,2023-03-16,COLLISION,,6b0de1a7,6bc5f95e,b055a5c8,370ae5fb
c3d2c8a7,2022-01-14,2023-08-22,COLLISION,C,6b0de1a7,b5dc1350,a28eaa87,370ae5fb
11f498a2,2022-08-15,2024-01-06,COLLISION,C,a3a62de2,1aa4e38b,5de6fe43,60ac743f
e1b8ad2e,2022-11-15,2024-10-02,MEDICAL,C,a3a62de2,,fbaf9e8d,c74601a2
1ed17611,2021-07-11,2023-08-21,MEDICAL,,f0622e59,,10cade2b,c74601a2
692bdad1,2022-03-02,2022-09-20,LIABILITY,,6bf569bf,6bf569bf,49b550ee,bed2a91b
f00b0fd6,2022-07-16,2023-10-11,LIABILITY,D,f6050ad8,6bf569bf,7089712b,bed2a91b
b8c2fcfc,2022-11-04,2022-12-22,MEDICAL,A,f6050ad8,,7f841038,bed2a91b
d3ab9901,2022-10-28,2023-04-08,COLLISION,C,65a71f96,,bdb9cb79,40fadb47
72786af4,2022-12-26,2023-12-28,MEDICAL,D,65a71f96,bd2881e2,a99d5bac,40fadb47
0d0eb146,2022-03-18,2024-01-31,COMPREHENSIVE,,9e313468,9e313468,031f6386,b9a27546
cb5e4e04,2022-09-01,2023-01-16,COLLISION,,9e313468,9e313468,c6ff82f5,b9a27546
409af8d2,2021-06-11,2021-06-14,COLLISION,A,9e313468,9e313468,6aead467,b9a27546
8096e2f2,2021-04-12,2025-01-08,COMPREHENSIVE,,0833e533,,f887de43,4055d709
423d466d,2022-02-16,2022-09-29,COLLISION,B,85ff4bc8,f4deae2b,e1349485,d8510581
7042d03b,2021-01-22,2025-01-06,LIABILITY,B,85ff4bc8,f4deae2b,3d5ff80f,d8510581
c20776a8,2022-02-27,2023-02-11,COLLISION,A,85ff4bc8,f4deae2b,88caab03,d4391db7
7f1d6bf3,2021-10-11,2025-01-07,COLLISION,D,3efff5f8,,dbac7864,d8510581
ed91ecaa,2022-08-20,2024-12-28,COMPREHENSIVE,B,3efff5f8,f4deae2b,91c637b9,d8510581
46bd1c24,2021-05-07,2022-03-04,COMPREHENSIVE,D,3efff5f8,f4deae2b,3dec5d40,d8510581
d63ccb7b,2021-09-07,2022-10-27,COLLISION,,80baf7e3,d3d182e0,e1f4b6bd,27763469
acb82beb,2022-10-06,2024-10-24,LIABILITY,C,80baf7e3,285e6eda,8305b13a,27763469
