ClaimID,total_claim_amount,injury_claim,property_claim,fraud_reported,policy_number,vehicle_claim,AutoMakeID,auto_make,AutoModelID,auto_model,AutoYearID,auto_year
91,66950,10300,10300,N,686816,46350,11,Saab,1,93,1,1995
205,19080,4240,2120,N,896890,12720,11,Saab,1,93,1,1995
371,52560,11680,5840,N,514424,35040,11,Saab,1,93,1,1995
774,44200,8840,4420,N,179538,30940,11,Saab,1,93,1,1995
795,56160,4680,9360,N,787351,42120,11,Saab,2,95,1,1995
384,56430,6270,6270,Y,858060,43890,3,BMW,3,3 Series,1,1995
966,90400,9040,9040,N,488597,72320,3,BMW,3,3 Series,1,1995
643,62260,5660,5660,N,111874,50940,11,Saab,4,92x,1,1995
684,42700,4270,4270,Y,444035,34160,11,Saab,4,92x,1,1995
808,73800,12300,12300,N,250833,49200,2,Audi,5,A3,1,1995
829,60500,12100,6050,N,866805,42350,2,Audi,6,A5,1,1995
36,53100,10620,5310,Y,129872,37170,9,Mercedes,8,C300,1,1995
972,67800,13560,6780,N,732169,47460,9,Mercedes,8,C300,1,1995
422,81120,13520,20280,N,525224,47320,13,Toyota,9,Camry,1,1995
805,4950,900,450,N,362843,3600,13,Toyota,9,Camry,1,1995
72,61290,6810,6810,Y,260845,47670,7,Honda,10,Civic,1,1995
675,4320,480,960,N,944953,2880,13,Toyota,11,Corolla,1,1995
435,59940,6660,6660,N,172307,46620,7,Honda,12,CRV,1,1995
224,57060,6340,6340,N,114839,44380,9,Mercedes,13,E400,1,1995
634,54360,4530,9060,Y,890280,40770,9,Mercedes,13,E400,1,1995
751,8030,1460,730,N,973546,5840,9,Mercedes,13,E400,1,1995
410,3190,290,580,N,985924,2320,6,Ford,14,Escape,1,1995
548,69000,13800,6900,Y,116645,48300,6,Ford,15,F150,1,1995
357,68760,11460,5730,N,340614,51570,6,Ford,17,Fusion,1,1995
414,94560,7880,15760,N,302669,70920,8,Jeep,18,Grand Cherokee,1,1995
938,71800,14360,14360,N,535879,43080,8,Jeep,18,Grand Cherokee,1,1995
260,47790,5310,5310,Y,843227,37170,12,Suburu,20,Impreza,1,1995
334,3190,580,580,N,865839,2030,12,Suburu,22,Legacy,1,1995
531,90240,15040,15040,N,534982,60160,4,Chevrolet,24,Malibu,1,1995
486,48290,8780,8780,N,167231,30730,10,Nissan,25,Maxima,1,1995
124,77130,8570,17140,N,824540,51420,1,Accura,26,MDX,1,1995
460,79500,15900,7950,N,413192,55650,1,Accura,26,MDX,1,1995
706,58500,11700,0,Y,589094,46800,1,Accura,26,MDX,1,1995
758,52030,9460,9460,N,796005,33110,1,Accura,26,MDX,1,1995
875,59490,6610,6610,N,762951,46270,9,Mercedes,27,ML350,1,1995
66,82320,13720,6860,Y,332867,61740,5,Dodge,28,Neon,1,1995
610,59400,6600,6600,N,407958,46200,5,Dodge,28,Neon,1,1995
756,87900,17580,8790,N,938634,61530,5,Dodge,28,Neon,1,1995
49,7290,810,810,N,866931,5670,14,Volkswagen,29,Passat,1,1995
355,67200,6720,6720,N,797934,53760,14,Volkswagen,29,Passat,1,1995
256,59040,9840,9840,N,737593,39360,5,Dodge,31,RAM,1,1995
650,59400,6600,13200,Y,307469,39600,5,Dodge,31,RAM,1,1995
748,76450,6950,13900,N,230223,55600,5,Dodge,31,RAM,1,1995
920,76010,13820,6910,Y,457188,55280,5,Dodge,31,RAM,1,1995
959,48000,9600,4800,N,564654,33600,5,Dodge,31,RAM,1,1995
56,78900,15780,7890,N,420810,55230,4,Chevrolet,33,Silverado,1,1995
223,49060,8920,8920,N,365364,31220,4,Chevrolet,33,Silverado,1,1995
729,82170,14940,7470,Y,713172,59760,4,Chevrolet,33,Silverado,1,1995
772,37800,8400,4200,N,362407,25200,4,Chevrolet,33,Silverado,1,1995
958,86130,15660,15660,N,471938,54810,4,Chevrolet,33,Silverado,1,1995
593,56610,6290,6290,N,228403,44030,4,Chevrolet,34,Tahoe,1,1995
538,61400,6140,6140,N,379882,49120,10,Nissan,36,Ultima,1,1995
654,91080,16560,16560,N,488464,57960,8,Jeep,37,Wrangler,1,1995
986,76900,7690,7690,N,669809,61520,8,Jeep,37,Wrangler,1,1995
140,73560,12260,12260,N,756054,49040,3,BMW,38,X5,1,1995
792,57240,4770,9540,Y,979336,42930,3,BMW,39,X6,1,1995
578,55000,5000,10000,Y,378588,40000,11,Saab,1,93,2,1996
931,59400,13200,6600,Y,670142,39600,11,Saab,1,93,2,1996
478,58160,7270,7270,Y,971338,43620,11,Saab,2,95,2,1996
10,42300,4700,4700,N,636550,32900,11,Saab,4,92x,2,1996
690,63030,5730,11460,N,287436,45840,11,Saab,4,92x,2,1996
238,78650,14300,7150,Y,261119,57200,2,Audi,5,A3,2,1996
156,37280,0,0,Y,120485,37280,2,Audi,6,A5,2,1996
545,43280,0,5410,Y,349658,37870,7,Honda,10,Civic,2,1996
933,51400,5140,10280,N,967713,35980,7,Honda,10,Civic,2,1996
995,6480,540,1080,N,681486,4860,7,Honda,10,Civic,2,1996
592,79970,7270,21810,Y,528385,50890,7,Honda,12,CRV,2,1996
702,35300,3530,3530,Y,790225,28240,9,Mercedes,13,E400,2,1996
694,77200,9650,9650,N,469426,57900,6,Ford,14,Escape,2,1996
622,34650,6300,3150,N,326289,25200,6,Ford,15,F150,2,1996
340,50380,4580,4580,N,620855,41220,12,Suburu,16,Forrestor,2,1996
368,54000,6000,6000,N,594722,42000,13,Toyota,19,Highlander,2,1996
544,51030,5670,11340,N,421092,34020,12,Suburu,20,Impreza,2,1996
974,49100,9820,4910,Y,776950,34370,12,Suburu,20,Impreza,2,1996
998,67500,7500,7500,N,918516,52500,12,Suburu,20,Impreza,2,1996
421,69300,6930,13860,N,501692,48510,14,Volkswagen,21,Jetta,2,1996
470,53190,5910,11820,N,930032,35460,14,Volkswagen,21,Jetta,2,1996
609,77100,15420,7710,N,270208,53970,14,Volkswagen,21,Jetta,2,1996
904,67320,11220,11220,N,491170,44880,14,Volkswagen,21,Jetta,2,1996
291,94160,8560,17120,N,526039,68480,4,Chevrolet,24,Malibu,2,1996
685,40260,3660,7320,Y,431478,29280,1,Accura,26,MDX,2,1996
307,52800,4800,9600,Y,235869,38400,9,Mercedes,27,ML350,2,1996
595,66780,7420,14840,N,497929,44520,9,Mercedes,27,ML350,2,1996
436,73400,7340,7340,N,810189,58720,5,Dodge,28,Neon,2,1996
136,69200,13840,6920,Y,964657,48440,14,Volkswagen,29,Passat,2,1996
854,83490,7590,15180,N,331683,60720,10,Nissan,30,Pathfinder,2,1996
22,37840,0,4730,N,431876,33110,1,Accura,32,RSX,2,1996
426,66880,6080,12160,Y,424358,48640,4,Chevrolet,33,Silverado,2,1996
625,6160,560,1120,N,856153,4480,10,Nissan,36,Ultima,2,1996
757,53400,5340,5340,N,482495,42720,8,Jeep,37,Wrangler,2,1996
864,74200,7420,7420,N,101421,59360,8,Jeep,37,Wrangler,2,1996
147,64000,12800,6400,Y,795686,44800,3,BMW,39,X6,2,1996
550,67210,12220,12220,N,788502,42770,3,BMW,39,X6,2,1996
200,2520,280,280,N,171254,1960,3,BMW,3,3 Series,3,1997
624,78980,7180,14360,Y,779156,57440,11,Saab,4,92x,3,1997
453,4290,780,390,N,552788,3120,2,Audi,5,A3,3,1997
639,50800,5080,5080,Y,409074,40640,2,Audi,5,A3,3,1997
69,68530,12460,6230,N,500533,49840,2,Audi,6,A5,3,1997
668,46200,4200,8400,N,942106,33600,2,Audi,6,A5,3,1997
947,63600,5300,10600,Y,231548,47700,2,Audi,6,A5,3,1997
62,44280,7380,3690,N,303987,33210,7,Honda,7,Accord,3,1997
903,60000,5000,10000,N,342830,45000,7,Honda,7,Accord,3,1997
916,71190,0,7910,Y,991553,63280,9,Mercedes,8,C300,3,1997
288,6400,640,640,N,786957,5120,13,Toyota,9,Camry,3,1997
989,60700,12140,6070,N,591269,42490,7,Honda,10,Civic,3,1997
602,64080,7120,7120,N,171183,49840,6,Ford,14,Escape,3,1997
304,5670,1260,630,N,426708,3780,6,Ford,15,F150,3,1997
154,63240,10540,10540,N,419510,42160,12,Suburu,16,Forrestor,3,1997
731,44200,4420,8840,N,615116,30940,12,Suburu,16,Forrestor,3,1997
828,74700,14940,7470,N,700074,52290,12,Suburu,16,Forrestor,3,1997
946,68040,15120,7560,N,728600,45360,12,Suburu,16,Forrestor,3,1997
275,64920,10820,10820,N,522506,43280,6,Ford,17,Fusion,3,1997
526,6890,530,1060,N,619589,5300,8,Jeep,18,Grand Cherokee,3,1997
638,7370,670,1340,N,808544,5360,12,Suburu,20,Impreza,3,1997
824,76400,15280,7640,Y,500639,53480,14,Volkswagen,21,Jetta,3,1997
437,41850,4650,4650,N,432068,32550,12,Suburu,22,Legacy,3,1997
760,48360,8060,8060,N,327488,32240,10,Nissan,25,Maxima,3,1997
761,52290,5810,11620,N,715202,34860,10,Nissan,25,Maxima,3,1997
116,47700,4770,9540,Y,648397,33390,1,Accura,26,MDX,3,1997
606,61740,6860,6860,N,996850,48020,1,Accura,26,MDX,3,1997
499,63580,5780,5780,Y,445289,52020,9,Mercedes,27,ML350,3,1997
164,107900,10790,21580,Y,346940,75530,5,Dodge,28,Neon,3,1997
182,100800,16800,16800,N,398102,67200,5,Dodge,28,Neon,3,1997
680,32480,4060,4060,N,774303,24360,5,Dodge,28,Neon,3,1997
726,64400,6440,6440,N,804751,51520,5,Dodge,28,Neon,3,1997
108,74200,7420,14840,N,283414,51940,14,Volkswagen,29,Passat,3,1997
461,76230,6930,13860,Y,247801,55440,14,Volkswagen,29,Passat,3,1997
513,58800,11760,5880,N,445694,41160,10,Nissan,30,Pathfinder,3,1997
415,7800,780,780,N,620020,6240,5,Dodge,31,RAM,3,1997
564,44240,5530,5530,N,315631,33180,5,Dodge,31,RAM,3,1997
162,76050,11700,11700,N,139484,52650,4,Chevrolet,33,Silverado,3,1997
361,78100,15620,7810,Y,533941,54670,4,Chevrolet,34,Tahoe,3,1997
636,2860,520,260,Y,155912,2080,4,Chevrolet,34,Tahoe,3,1997
753,38640,4830,4830,N,250162,28980,4,Chevrolet,34,Tahoe,3,1997
356,63250,11500,5750,N,883980,46000,10,Nissan,36,Ultima,3,1997
707,79320,13220,6610,N,458829,59490,10,Nissan,36,Ultima,3,1997
459,103560,8630,17260,N,343421,77670,8,Jeep,37,Wrangler,3,1997
284,59900,11980,5990,Y,987905,41930,3,BMW,38,X5,3,1997
280,70900,14180,7090,N,356768,49630,3,BMW,39,X6,3,1997
253,7480,680,680,N,118137,6120,11,Saab,2,95,4,1998
700,68760,11460,5730,Y,536052,51570,11,Saab,2,95,4,1998
219,70290,12780,6390,Y,174701,51120,11,Saab,4,92x,4,1998
477,63800,6380,6380,Y,662256,51040,11,Saab,4,92x,4,1998
687,3840,640,320,N,284836,2880,11,Saab,4,92x,4,1998
896,55200,11040,5520,Y,231508,38640,11,Saab,4,92x,4,1998
900,4700,470,940,N,291544,3290,11,Saab,4,92x,4,1998
800,3960,660,660,N,482404,2640,2,Audi,5,A3,4,1998
929,4620,420,840,N,844007,3360,2,Audi,6,A5,4,1998
999,46980,5220,5220,N,533940,36540,2,Audi,6,A5,4,1998
915,72800,14560,14560,N,117862,43680,7,Honda,7,Accord,4,1998
177,77040,8560,8560,N,914815,59920,7,Honda,10,Civic,4,1998
739,55200,9200,13800,N,662088,32200,7,Honda,10,Civic,4,1998
789,45540,8280,8280,Y,594783,28980,7,Honda,10,Civic,4,1998
919,69630,12660,6330,N,420948,50640,13,Toyota,11,Corolla,4,1998
715,64350,9900,9900,N,607974,44550,9,Mercedes,13,E400,4,1998
506,57330,12740,6370,N,555374,38220,8,Jeep,18,Grand Cherokee,4,1998
967,62900,6290,12580,N,133889,44030,8,Jeep,18,Grand Cherokee,4,1998
571,36400,3640,7280,N,509489,25480,14,Volkswagen,21,Jetta,4,1998
77,89400,14900,7450,N,166264,67050,12,Suburu,22,Legacy,4,1998
642,39690,0,0,N,636843,39690,12,Suburu,22,Legacy,4,1998
128,3960,330,660,N,428230,2970,3,BMW,23,M5,4,1998
466,81400,8140,8140,N,758740,65120,3,BMW,23,M5,4,1998
885,61320,10220,10220,N,180008,40880,3,BMW,23,M5,4,1998
179,85150,13100,13100,N,144323,58950,4,Chevrolet,24,Malibu,4,1998
841,5400,600,600,N,516182,4200,4,Chevrolet,24,Malibu,4,1998
899,59200,0,11840,N,950542,47360,4,Chevrolet,24,Malibu,4,1998
308,59100,5910,5910,Y,931625,47280,10,Nissan,25,Maxima,4,1998
318,64320,5360,10720,N,403737,48240,1,Accura,26,MDX,4,1998
294,101010,15540,15540,N,806081,69930,9,Mercedes,27,ML350,4,1998
717,49900,4990,9980,N,369941,34930,5,Dodge,28,Neon,4,1998
942,46860,8520,8520,N,724752,29820,14,Volkswagen,29,Passat,4,1998
943,4290,780,780,N,148498,2730,14,Volkswagen,29,Passat,4,1998
51,81800,16360,8180,N,691189,57260,10,Nissan,30,Pathfinder,4,1998
902,40500,4050,4050,N,577992,32400,10,Nissan,30,Pathfinder,4,1998
316,75500,7550,15100,N,860497,52850,10,Nissan,36,Ultima,4,1998
923,3080,560,560,N,490596,1960,10,Nissan,36,Ultima,4,1998
613,61490,11180,11180,N,655356,39130,3,BMW,38,X5,4,1998
882,36740,3340,6680,Y,815883,26720,3,BMW,38,X5,4,1998
68,33930,0,3770,N,346002,30160,3,BMW,39,X6,4,1998
363,4500,450,450,N,354481,3600,11,Saab,1,93,5,1999
99,5400,900,900,N,740019,3600,11,Saab,2,95,5,1999
168,64000,12800,6400,N,491392,44800,11,Saab,2,95,5,1999
637,5490,0,1220,N,110143,4270,11,Saab,2,95,5,1999
664,41690,7580,7580,N,100804,26530,11,Saab,2,95,5,1999
688,95900,13700,20550,N,238196,61650,11,Saab,2,95,5,1999
842,48870,5430,5430,N,728839,38010,11,Saab,2,95,5,1999
35,64800,10800,5400,N,990493,48600,2,Audi,5,A3,5,1999
266,6890,1060,1060,N,395572,4770,2,Audi,6,A5,5,1999
582,76120,6920,13840,N,425631,55360,2,Audi,6,A5,5,1999
821,7200,720,1440,N,476839,5040,2,Audi,6,A5,5,1999
160,6200,1240,620,N,854021,4340,7,Honda,7,Accord,5,1999
139,76120,13840,6920,N,935277,55360,13,Toyota,9,Camry,5,1999
799,56600,11320,5660,N,718829,39620,13,Toyota,9,Camry,5,1999
406,79800,15960,7980,N,396224,55860,7,Honda,10,Civic,5,1999
917,3600,400,400,N,727443,2800,7,Honda,10,Civic,5,1999
407,53020,9640,9640,N,682178,33740,13,Toyota,11,Corolla,5,1999
626,85250,15500,7750,N,473338,62000,9,Mercedes,13,E400,5,1999
131,84720,14120,14120,N,718428,56480,6,Ford,14,Escape,5,1999
591,64260,0,14280,N,311783,49980,6,Ford,14,Escape,5,1999
207,59800,5980,5980,Y,547744,47840,6,Ford,15,F150,5,1999
630,60500,11000,5500,Y,912665,44000,6,Ford,15,F150,5,1999
54,70510,12820,12820,N,729634,44870,12,Suburu,16,Forrestor,5,1999
287,63910,5810,11620,N,127313,46480,12,Suburu,16,Forrestor,5,1999
869,66900,6690,13380,Y,664732,46830,12,Suburu,16,Forrestor,5,1999
981,82170,7470,7470,N,908935,67230,12,Suburu,16,Forrestor,5,1999
481,69850,12700,6350,N,976645,50800,6,Ford,17,Fusion,5,1999
796,44400,5550,5550,N,272330,33300,8,Jeep,18,Grand Cherokee,5,1999
551,42500,4250,4250,N,627486,34000,14,Volkswagen,21,Jetta,5,1999
240,38830,3530,3530,N,898573,31770,12,Suburu,22,Legacy,5,1999
309,77440,14080,7040,N,371635,56320,12,Suburu,22,Legacy,5,1999
416,61270,5570,11140,N,439828,44560,12,Suburu,22,Legacy,5,1999
730,50300,10060,5030,Y,621756,35210,12,Suburu,22,Legacy,5,1999
73,30100,3010,0,N,657045,27090,4,Chevrolet,24,Malibu,5,1999
123,55440,0,6160,Y,155724,49280,10,Nissan,25,Maxima,5,1999
16,63120,10520,10520,Y,892874,42080,1,Accura,26,MDX,5,1999
497,4680,520,0,N,284143,4160,1,Accura,26,MDX,5,1999
801,34800,3480,6960,N,331170,24360,1,Accura,26,MDX,5,1999
861,58850,10700,10700,N,175960,37450,1,Accura,26,MDX,5,1999
480,104610,19020,19020,Y,753844,66570,9,Mercedes,27,ML350,5,1999
979,84590,15380,15380,N,515457,53830,5,Dodge,28,Neon,5,1999
234,79750,14500,14500,N,476923,50750,10,Nissan,30,Pathfinder,5,1999
212,7080,1180,590,N,218684,5310,5,Dodge,31,RAM,5,1999
237,41130,4570,4570,N,130930,31990,5,Dodge,31,RAM,5,1999
338,70290,7810,7810,N,106873,54670,5,Dodge,31,RAM,5,1999
434,58500,11700,5850,N,847123,40950,5,Dodge,31,RAM,5,1999
734,105040,16160,16160,N,374545,72720,5,Dodge,31,RAM,5,1999
446,54810,6090,6090,Y,373935,42630,4,Chevrolet,33,Silverado,5,1999
588,72400,7240,14480,Y,638155,50680,4,Chevrolet,34,Tahoe,5,1999
504,42900,8580,0,N,231127,34320,1,Accura,35,TL,5,1999
389,62810,11420,11420,N,467106,39970,10,Nissan,36,Ultima,5,1999
226,73500,7350,14700,N,267885,51450,8,Jeep,37,Wrangler,5,1999
518,87960,14660,14660,Y,243226,58640,8,Jeep,37,Wrangler,5,1999
220,60190,9260,9260,N,529398,41670,3,BMW,39,X6,5,1999
691,63470,5770,11540,N,496067,46160,3,BMW,39,X6,5,1999
109,70590,10860,10860,Y,163161,48870,11,Saab,1,93,6,2000
877,7700,770,1540,N,599031,5390,11,Saab,1,93,6,2000
13,56520,4710,9420,N,842643,42390,11,Saab,2,95,6,2000
107,79800,6650,19950,Y,632627,53200,11,Saab,2,95,6,2000
342,70400,12800,12800,N,337677,44800,3,BMW,3,3 Series,6,2000
130,44730,4970,4970,Y,469874,34790,11,Saab,4,92x,6,2000
339,87100,8710,8710,N,563878,69680,11,Saab,4,92x,6,2000
655,48360,4030,8060,N,480094,36270,2,Audi,6,A5,6,2000
50,76600,15320,7660,N,582011,53620,9,Mercedes,8,C300,6,2000
901,69400,6940,6940,N,388616,55520,9,Mercedes,8,C300,6,2000
604,4400,0,550,N,714784,3850,13,Toyota,9,Camry,6,2000
865,47430,5270,5270,N,793948,36890,13,Toyota,9,Camry,6,2000
53,4300,430,430,N,394975,3440,13,Toyota,11,Corolla,6,2000
325,50400,10080,5040,Y,225865,35280,7,Honda,12,CRV,6,2000
60,62920,11440,5720,N,485372,45760,6,Ford,14,Escape,6,2000
870,40810,3710,7420,Y,143038,29680,6,Ford,15,F150,6,2000
23,71520,17880,5960,Y,285496,47680,12,Suburu,16,Forrestor,6,2000
354,78000,6500,13000,N,958785,58500,12,Suburu,16,Forrestor,6,2000
425,64800,6480,12960,Y,651948,45360,12,Suburu,16,Forrestor,6,2000
594,84590,7690,7690,Y,209177,69210,13,Toyota,19,Highlander,6,2000
773,63300,6330,6330,N,389525,50640,13,Toyota,19,Highlander,6,2000
895,6000,1000,1000,N,927354,4000,12,Suburu,20,Impreza,6,2000
839,51370,9340,4670,Y,620075,37360,3,BMW,23,M5,6,2000
586,5100,1020,510,N,464234,3570,4,Chevrolet,24,Malibu,6,2000
952,57700,5770,5770,N,125591,46160,10,Nissan,25,Maxima,6,2000
230,79530,14460,7230,N,241562,57840,1,Accura,26,MDX,6,2000
532,80960,14720,7360,N,110408,58880,1,Accura,26,MDX,6,2000
921,44220,8040,4020,N,118236,32160,1,Accura,26,MDX,6,2000
853,56320,7040,7040,N,646069,42240,9,Mercedes,27,ML350,6,2000
121,69300,13860,13860,N,368050,41580,14,Volkswagen,29,Passat,6,2000
621,40700,4070,4070,Y,714346,32560,14,Volkswagen,29,Passat,6,2000
703,2640,480,480,N,587498,1680,14,Volkswagen,29,Passat,6,2000
616,77770,14140,14140,N,893853,49490,10,Nissan,30,Pathfinder,6,2000
859,42500,8500,4250,N,898519,29750,10,Nissan,30,Pathfinder,6,2000
673,32320,4040,4040,N,757644,24240,5,Dodge,31,RAM,6,2000
881,67300,6730,6730,Y,571462,53840,5,Dodge,31,RAM,6,2000
802,79500,7950,7950,N,753056,63600,4,Chevrolet,34,Tahoe,6,2000
665,63100,6310,12620,N,941807,44170,1,Accura,35,TL,6,2000
718,74880,12480,12480,N,447226,49920,1,Accura,35,TL,6,2000
932,55260,6140,0,N,607687,49120,10,Nissan,36,Ultima,6,2000
843,5590,860,860,N,771509,3870,3,BMW,38,X5,6,2000
473,90480,15080,15080,N,484321,60320,3,BMW,39,X6,6,2000
850,5700,570,570,N,369781,4560,11,Saab,1,93,7,2001
644,51920,9440,4720,Y,439844,37760,2,Audi,5,A3,7,2001
838,5940,540,1080,Y,326180,4320,2,Audi,6,A5,7,2001
312,31350,2850,5700,Y,582973,22800,7,Honda,7,Accord,7,2001
462,59520,9920,9920,N,171147,39680,7,Honda,7,Accord,7,2001
479,6300,630,1260,Y,714738,4410,9,Mercedes,8,C300,7,2001
635,54340,9880,4940,N,431583,39520,13,Toyota,9,Camry,7,2001
951,5170,940,470,N,557218,3760,13,Toyota,9,Camry,7,2001
515,60600,5050,10100,N,232854,45450,7,Honda,10,Civic,7,2001
302,93730,14420,21630,N,714929,57680,7,Honda,12,CRV,7,2001
516,35750,6500,3250,N,168260,26000,9,Mercedes,13,E400,7,2001
596,58500,0,6500,N,735844,52000,6,Ford,14,Escape,7,2001
115,7080,1180,1180,N,143626,4720,6,Ford,15,F150,7,2001
656,95000,9500,9500,N,263108,76000,6,Ford,15,F150,7,2001
825,58300,10600,10600,N,352120,37100,6,Ford,15,F150,7,2001
873,52650,5850,5850,Y,219028,40950,6,Ford,15,F150,7,2001
142,5170,470,940,N,456604,3760,12,Suburu,16,Forrestor,7,2001
197,5300,530,530,Y,602410,4240,8,Jeep,18,Grand Cherokee,7,2001
96,6930,1260,630,N,992145,5040,13,Toyota,19,Highlander,7,2001
127,40320,5760,5760,N,414779,28800,12,Suburu,20,Impreza,7,2001
737,51840,8640,8640,N,290971,34560,14,Volkswagen,21,Jetta,7,2001
38,5330,1230,820,N,933293,3280,12,Suburu,22,Legacy,7,2001
443,70400,6400,19200,Y,107181,44800,12,Suburu,22,Legacy,7,2001
250,64100,6410,6410,N,146138,51280,4,Chevrolet,24,Malibu,7,2001
192,50490,5610,5610,N,868283,39270,10,Nissan,25,Maxima,7,2001
474,7080,1180,1180,N,795847,4720,10,Nissan,25,Maxima,7,2001
173,44910,4990,4990,N,154280,34930,5,Dodge,28,Neon,7,2001
431,62370,5670,5670,N,687639,51030,5,Dodge,28,Neon,7,2001
269,41490,4610,4610,N,277767,32270,10,Nissan,30,Pathfinder,7,2001
264,61490,5590,11180,N,226725,44720,5,Dodge,31,RAM,7,2001
552,86400,14400,7200,N,498842,64800,1,Accura,32,RSX,7,2001
242,73700,7370,7370,Y,600845,58960,4,Chevrolet,33,Silverado,7,2001
409,43230,7860,7860,N,253005,27510,4,Chevrolet,33,Silverado,7,2001
305,65800,13160,6580,N,615047,46060,1,Accura,35,TL,7,2001
681,60480,6720,6720,N,698470,47040,1,Accura,35,TL,7,2001
752,63900,6390,6390,N,608039,51120,1,Accura,35,TL,7,2001
243,6300,630,630,N,390381,5040,10,Nissan,36,Ultima,7,2001
768,64570,5870,11740,N,247505,46960,8,Jeep,37,Wrangler,7,2001
893,2640,220,440,N,330119,1980,8,Jeep,37,Wrangler,7,2001
912,65430,14540,7270,N,727109,43620,8,Jeep,37,Wrangler,7,2001
42,97080,16180,16180,Y,616337,64720,3,BMW,38,X5,7,2001
113,81070,14740,14740,N,395269,51590,3,BMW,38,X5,7,2001
336,65250,7250,7250,N,623032,50750,3,BMW,3,3 Series,8,2002
566,108030,16620,16620,N,556415,74790,11,Saab,4,92x,8,2002
329,51810,9420,4710,Y,414913,37680,2,Audi,5,A3,8,2002
719,105820,16280,16280,N,831668,73260,2,Audi,5,A3,8,2002
776,100,10,20,N,266247,70,2,Audi,5,A3,8,2002
887,61740,6860,6860,N,556538,48020,2,Audi,5,A3,8,2002
547,75460,13720,13720,N,505316,48020,2,Audi,6,A5,8,2002
689,56160,6240,12480,N,885789,37440,2,Audi,6,A5,8,2002
74,57120,9520,4760,N,761189,42840,9,Mercedes,8,C300,8,2002
374,6120,680,680,Y,388671,4760,7,Honda,10,Civic,8,2002
888,6400,640,640,N,669501,5120,7,Honda,10,Civic,8,2002
844,54960,6870,0,Y,264221,48090,13,Toyota,11,Corolla,8,2002
106,4320,480,480,N,872814,3360,9,Mercedes,13,E400,8,2002
510,74160,6180,12360,N,267808,55620,9,Mercedes,13,E400,8,2002
699,4320,480,480,N,357808,3360,9,Mercedes,13,E400,8,2002
880,58560,9760,9760,N,884180,39040,9,Mercedes,13,E400,8,2002
708,82610,7510,7510,Y,626208,67590,6,Ford,14,Escape,8,2002
11,87010,7910,15820,N,543610,63280,6,Ford,15,F150,8,2002
672,64200,10700,10700,N,687755,42800,6,Ford,15,F150,8,2002
347,39480,6580,6580,N,804410,26320,12,Suburu,16,Forrestor,8,2002
175,6100,610,1220,N,477177,4270,6,Ford,17,Fusion,8,2002
444,3770,580,580,N,312940,2610,8,Jeep,18,Grand Cherokee,8,2002
565,57700,11540,5770,N,113464,40390,8,Jeep,18,Grand Cherokee,8,2002
973,55400,5540,11080,Y,221854,38780,8,Jeep,18,Grand Cherokee,8,2002
941,5590,860,860,N,720356,3870,12,Suburu,20,Impreza,8,2002
84,6490,1180,1180,N,960680,4130,14,Volkswagen,21,Jetta,8,2002
117,51260,9320,9320,N,154982,32620,12,Suburu,22,Legacy,8,2002
210,8800,1760,880,N,739447,6160,12,Suburu,22,Legacy,8,2002
984,3440,430,430,N,774895,2580,12,Suburu,22,Legacy,8,2002
400,76920,12820,6410,N,552618,57690,4,Chevrolet,24,Malibu,8,2002
83,7500,750,1500,N,694662,5250,10,Nissan,25,Maxima,8,2002
698,55110,5010,10020,N,794534,40080,10,Nissan,25,Maxima,8,2002
46,55120,6890,0,N,430029,48230,1,Accura,26,MDX,8,2002
498,39720,6620,6620,N,740518,26480,1,Accura,26,MDX,8,2002
589,70900,14180,7090,N,911429,49630,9,Mercedes,27,ML350,8,2002
89,4700,940,470,N,679370,3290,5,Dodge,28,Neon,8,2002
163,86060,13240,13240,N,678849,59580,14,Volkswagen,29,Passat,8,2002
826,57310,5210,10420,N,569245,41680,14,Volkswagen,29,Passat,8,2002
370,77800,15560,15560,N,369048,46680,5,Dodge,31,RAM,8,2002
977,70400,14080,7040,N,889764,49280,1,Accura,32,RSX,8,2002
906,64300,6430,6430,Y,439341,51440,4,Chevrolet,33,Silverado,8,2002
255,63250,5750,11500,Y,935596,46000,4,Chevrolet,34,Tahoe,8,2002
146,99320,7640,15280,Y,515050,76400,1,Accura,35,TL,8,2002
350,74200,14840,14840,Y,331595,44520,1,Accura,35,TL,8,2002
992,46980,0,5220,N,109392,41760,1,Accura,35,TL,8,2002
274,59700,11940,11940,N,727792,35820,10,Nissan,36,Ultima,8,2002
134,46800,4680,9360,N,649082,32760,8,Jeep,37,Wrangler,8,2002
346,70920,11820,11820,N,613226,47280,8,Jeep,37,Wrangler,8,2002
876,44200,4420,4420,Y,376879,35360,8,Jeep,37,Wrangler,8,2002
600,61920,6880,6880,N,485642,48160,11,Saab,1,93,9,2003
678,4320,0,960,N,205134,3360,11,Saab,1,93,9,2003
6,64100,6410,6410,Y,104594,51280,11,Saab,2,95,9,2003
393,51700,5170,10340,N,876680,36190,11,Saab,2,95,9,2003
48,62800,6280,6280,Y,939631,50240,2,Audi,5,A3,9,2003
71,68310,12420,6210,Y,486676,49680,2,Audi,5,A3,9,2003
522,88110,16020,16020,N,924318,56070,2,Audi,6,A5,9,2003
388,62460,6940,6940,N,204294,48580,7,Honda,7,Accord,9,2003
925,32670,5940,2970,N,913464,23760,7,Honda,7,Accord,9,2003
209,65070,7230,14460,N,436126,43380,9,Mercedes,8,C300,9,2003
794,57700,5770,5770,N,140977,46160,13,Toyota,9,Camry,9,2003
957,83160,15120,15120,N,433663,52920,13,Toyota,9,Camry,9,2003
189,73920,13440,6720,Y,524230,53760,7,Honda,10,Civic,9,2003
501,86790,7890,23670,N,357949,55230,7,Honda,12,CRV,9,2003
509,61600,6160,12320,N,265093,43120,7,Honda,12,CRV,9,2003
937,53400,5340,5340,N,643226,42720,7,Honda,12,CRV,9,2003
750,90530,16460,16460,N,420815,57610,6,Ford,15,F150,9,2003
28,5720,1040,520,Y,608513,4160,12,Suburu,16,Forrestor,9,2003
454,60750,6750,6750,N,722747,47250,12,Suburu,16,Forrestor,9,2003
546,76400,15280,7640,N,811042,53480,12,Suburu,16,Forrestor,9,2003
648,68300,6830,13660,N,682754,47810,12,Suburu,16,Forrestor,9,2003
766,45000,5000,5000,N,786103,35000,12,Suburu,16,Forrestor,9,2003
283,6820,1240,1240,N,799501,4340,8,Jeep,18,Grand Cherokee,9,2003
398,74900,14980,7490,N,932097,52430,8,Jeep,18,Grand Cherokee,9,2003
271,85300,17060,8530,N,577810,59710,13,Toyota,19,Highlander,9,2003
579,51090,7860,7860,N,794731,35370,13,Toyota,19,Highlander,9,2003
178,62590,11380,11380,N,249048,39830,14,Volkswagen,21,Jetta,9,2003
327,66550,12100,6050,N,890328,48400,14,Volkswagen,21,Jetta,9,2003
512,6560,820,820,N,963680,4920,14,Volkswagen,21,Jetta,9,2003
720,7150,1300,650,N,922937,5200,14,Volkswagen,21,Jetta,9,2003
779,60480,5040,15120,N,192524,40320,14,Volkswagen,21,Jetta,9,2003
64,68520,11420,5710,Y,519312,51390,12,Suburu,22,Legacy,9,2003
701,74400,14880,7440,Y,873384,52080,3,BMW,23,M5,9,2003
452,56000,14000,0,N,372912,42000,4,Chevrolet,24,Malibu,9,2003
487,59070,5370,5370,N,743330,48330,4,Chevrolet,24,Malibu,9,2003
740,9100,1400,1400,N,884365,6300,4,Chevrolet,24,Malibu,9,2003
670,66240,11040,11040,N,182450,44160,10,Nissan,25,Maxima,9,2003
969,51800,5180,10360,N,769475,36260,1,Accura,26,MDX,9,2003
15,46200,4200,8400,Y,644081,33600,5,Dodge,28,Neon,9,2003
457,7480,680,680,N,910622,6120,5,Dodge,28,Neon,9,2003
472,64620,7180,0,N,238412,57440,5,Dodge,28,Neon,9,2003
778,69740,6340,6340,N,488724,57060,5,Dodge,28,Neon,9,2003
614,79560,6630,13260,N,831053,59670,14,Volkswagen,29,Passat,9,2003
777,56340,6260,6260,N,921851,43820,14,Volkswagen,29,Passat,9,2003
299,5940,1080,540,N,275092,4320,10,Nissan,30,Pathfinder,9,2003
298,3300,600,0,N,419954,2700,5,Dodge,31,RAM,9,2003
597,5000,500,500,N,710741,4000,5,Dodge,31,RAM,9,2003
866,68200,13640,6820,Y,737483,47740,5,Dodge,31,RAM,9,2003
608,8700,870,1740,N,830878,6090,1,Accura,32,RSX,9,2003
195,40160,5020,0,N,918777,35140,4,Chevrolet,34,Tahoe,9,2003
784,5060,460,920,N,553436,3680,10,Nissan,36,Ultima,9,2003
79,8060,1240,1240,N,627540,5580,11,Saab,2,95,10,2004
102,52800,10560,5280,N,193442,36960,11,Saab,2,95,10,2004
980,54560,9920,9920,N,556270,34720,11,Saab,2,95,10,2004
886,79680,13280,13280,N,633375,53120,3,BMW,3,3 Series,10,2004
1,71610,6510,13020,Y,521585,52080,11,Saab,4,92x,10,2004
404,82830,7530,15060,N,689901,60240,2,Audi,6,A5,10,2004
439,3190,580,290,N,253085,2320,2,Audi,6,A5,10,2004
92,98340,8940,17880,Y,127754,71520,7,Honda,7,Accord,10,2004
403,44880,8160,4080,Y,944102,32640,9,Mercedes,8,C300,10,2004
525,2160,480,240,N,246705,1440,13,Toyota,11,Corolla,10,2004
955,45180,5020,5020,N,354455,35140,7,Honda,12,CRV,10,2004
754,41490,9220,4610,N,786432,27660,9,Mercedes,13,E400,10,2004
797,92730,16860,8430,Y,728025,67440,9,Mercedes,13,E400,10,2004
335,53440,0,6680,N,406567,46760,6,Ford,14,Escape,10,2004
70,4300,860,860,N,348209,2580,6,Ford,15,F150,10,2004
524,58960,5360,10720,N,190588,42880,6,Ford,15,F150,10,2004
37,60200,6020,6020,Y,200152,48160,12,Suburu,16,Forrestor,10,2004
424,60600,6060,12120,N,830729,42420,6,Ford,17,Fusion,10,2004
359,82800,20700,13800,Y,563837,48300,8,Jeep,18,Grand Cherokee,10,2004
537,63580,5780,11560,N,871432,46240,14,Volkswagen,21,Jetta,10,2004
849,90860,12980,19470,Y,953334,58410,14,Volkswagen,21,Jetta,10,2004
278,60390,10980,5490,Y,424862,43920,3,BMW,23,M5,10,2004
254,53640,5960,5960,Y,212674,41720,10,Nissan,25,Maxima,10,2004
332,77660,7060,14120,Y,487356,56480,10,Nissan,25,Maxima,10,2004
632,53680,9760,4880,N,952300,39040,1,Accura,26,MDX,10,2004
214,53460,9720,9720,Y,743163,34020,5,Dodge,28,Neon,10,2004
647,77440,14080,7040,N,607351,56320,5,Dodge,28,Neon,10,2004
483,59670,6630,6630,Y,996253,46410,14,Volkswagen,29,Passat,10,2004
709,78600,13100,19650,Y,315041,45850,5,Dodge,31,RAM,10,2004
721,55800,11160,11160,N,640474,33480,5,Dodge,31,RAM,10,2004
521,77000,14000,7000,N,345539,56000,1,Accura,32,RSX,10,2004
517,42840,3570,7140,N,538955,32130,4,Chevrolet,33,Silverado,10,2004
575,47400,9480,4740,Y,783494,33180,4,Chevrolet,33,Silverado,10,2004
716,55400,5540,11080,Y,465065,38780,4,Chevrolet,33,Silverado,10,2004
257,50500,10100,5050,N,812025,35350,1,Accura,35,TL,10,2004
558,5160,860,860,N,550930,3440,1,Accura,35,TL,10,2004
383,49950,5550,5550,Y,999435,38850,10,Nissan,36,Ultima,10,2004
218,7200,1440,720,N,970607,5040,3,BMW,38,X5,10,2004
742,40800,6800,6800,N,507452,27200,3,BMW,38,X5,10,2004
360,61700,6170,6170,N,200827,49360,11,Saab,1,93,11,2005
759,82060,14920,7460,N,910604,59680,11,Saab,1,93,11,2005
412,6820,620,1240,N,630998,4960,3,BMW,3,3 Series,11,2005
391,48400,9680,4840,N,890026,33880,11,Saab,4,92x,11,2005
432,54340,9880,0,N,497347,44460,11,Saab,4,92x,11,2005
908,97080,16180,16180,N,868031,64720,11,Saab,4,92x,11,2005
78,59730,10860,10860,N,527945,38010,2,Audi,5,A3,11,2005
208,72000,7200,7200,N,598124,57600,2,Audi,5,A3,11,2005
433,55170,6130,6130,Y,439660,42910,2,Audi,6,A5,11,2005
770,57900,17370,5790,N,185124,34740,2,Audi,6,A5,11,2005
884,34160,0,4270,Y,569714,29890,2,Audi,6,A5,11,2005
27,9020,1640,820,N,863236,6560,13,Toyota,9,Camry,11,2005
331,44640,9920,4960,N,818413,29760,13,Toyota,9,Camry,11,2005
858,64080,10680,10680,N,344480,42720,13,Toyota,9,Camry,11,2005
961,57200,11440,5720,N,573572,40040,13,Toyota,9,Camry,11,2005
523,47740,4340,4340,N,726880,39060,7,Honda,10,Civic,11,2005
31,75600,12600,12600,N,908616,50400,13,Toyota,11,Corolla,11,2005
228,47630,12990,4330,Y,629663,30310,13,Toyota,11,Corolla,11,2005
321,80520,13420,6710,N,876714,60390,13,Toyota,11,Corolla,11,2005
491,2250,250,250,N,585324,1750,13,Toyota,11,Corolla,11,2005
847,52700,5270,10540,N,545506,36890,13,Toyota,11,Corolla,11,2005
231,53680,4880,4880,N,405533,43920,7,Honda,12,CRV,11,2005
44,51120,5680,5680,N,790442,39760,9,Mercedes,13,E400,11,2005
348,63240,10540,5270,N,553565,47430,9,Mercedes,13,E400,11,2005
25,77880,7080,14160,N,736882,56640,6,Ford,14,Escape,11,2005
723,85900,17180,17180,Y,334749,51540,12,Suburu,16,Forrestor,11,2005
693,6600,1200,1200,N,153027,4200,8,Jeep,18,Grand Cherokee,11,2005
945,70830,7870,7870,N,281388,55090,8,Jeep,18,Grand Cherokee,11,2005
936,74360,13520,13520,Y,840225,47320,13,Toyota,19,Highlander,11,2005
835,5600,1120,560,N,684653,3920,12,Suburu,22,Legacy,11,2005
860,48950,8900,4450,N,957816,35600,12,Suburu,22,Legacy,11,2005
81,50800,10160,10160,N,484200,30480,1,Accura,26,MDX,11,2005
508,62920,9680,14520,N,925128,38720,1,Accura,26,MDX,11,2005
536,52400,6550,6550,Y,876699,39300,1,Accura,26,MDX,11,2005
724,7110,790,1580,N,221283,4740,1,Accura,26,MDX,11,2005
813,53100,5310,5310,Y,485813,42480,1,Accura,26,MDX,11,2005
95,93720,17040,8520,N,307447,68160,9,Mercedes,27,ML350,11,2005
417,71440,8930,8930,N,971295,53580,9,Mercedes,27,ML350,11,2005
438,6400,640,1280,Y,903203,4480,9,Mercedes,27,ML350,11,2005
490,75400,11600,11600,Y,789208,52200,5,Dodge,28,Neon,11,2005
232,33550,3050,6100,N,667021,24400,14,Volkswagen,29,Passat,11,2005
365,5580,620,620,Y,832746,4340,14,Volkswagen,29,Passat,11,2005
807,52200,10440,5220,N,798579,36540,10,Nissan,30,Pathfinder,11,2005
641,89650,8150,16300,N,606037,65200,5,Dodge,31,RAM,11,2005
612,74030,6730,13460,N,927205,53840,4,Chevrolet,34,Tahoe,11,2005
82,6600,660,1320,N,645258,4620,1,Accura,35,TL,11,2005
333,5640,940,940,N,159768,3760,10,Nissan,36,Ultima,11,2005
503,77440,7040,14080,N,320251,56320,10,Nissan,36,Ultima,11,2005
780,80880,6740,13480,N,338070,60660,10,Nissan,36,Ultima,11,2005
419,5000,1000,500,N,936543,3500,8,Jeep,37,Wrangler,11,2005
447,49400,4940,9880,N,812989,34580,8,Jeep,37,Wrangler,11,2005
785,35860,3260,6520,Y,440616,26080,3,BMW,38,X5,11,2005
75,42930,9540,4770,N,175177,28620,3,BMW,39,X6,11,2005
927,91520,8320,16640,Y,752504,66560,3,BMW,39,X6,11,2005
620,47080,4280,8560,N,831479,34240,11,Saab,1,93,12,2006
677,57970,10540,5270,N,108270,42160,11,Saab,1,93,12,2006
196,55680,6960,6960,N,212580,41760,11,Saab,2,95,12,2006
559,24570,2730,2730,Y,998192,19110,11,Saab,2,95,12,2006
892,53900,5390,10780,N,698589,37730,11,Saab,2,95,12,2006
135,78120,17360,8680,N,437573,52080,3,BMW,3,3 Series,12,2006
964,4800,960,480,N,544225,3360,3,BMW,3,3 Series,12,2006
12,114920,17680,17680,N,214618,79560,2,Audi,5,A3,12,2006
181,51100,10220,5110,N,125324,35770,2,Audi,5,A3,12,2006
216,81070,7370,14740,Y,509928,58960,2,Audi,5,A3,12,2006
379,53040,4420,4420,N,736771,44200,2,Audi,5,A3,12,2006
696,2700,300,300,N,943425,2100,7,Honda,7,Accord,12,2006
996,87200,17440,8720,N,941851,61040,7,Honda,7,Accord,12,2006
267,53280,11840,5920,Y,889883,35520,13,Toyota,9,Camry,12,2006
775,31680,3520,3520,N,265437,24640,13,Toyota,9,Camry,12,2006
823,66660,12120,6060,N,630683,48480,7,Honda,10,Civic,12,2006
611,54890,9980,4990,N,832300,39920,13,Toyota,11,Corolla,12,2006
26,71500,16500,11000,Y,699044,44000,6,Ford,14,Escape,12,2006
65,59130,6570,6570,Y,132902,45990,6,Ford,14,Escape,12,2006
32,67140,7460,7460,Y,666333,52220,6,Ford,15,F150,12,2006
320,74280,12380,12380,Y,740384,49520,12,Suburu,16,Forrestor,12,2006
581,67320,12240,12240,N,113516,42840,6,Ford,17,Fusion,12,2006
233,69100,6910,6910,N,511621,55280,13,Toyota,19,Highlander,12,2006
319,31700,6340,3170,N,162004,22190,13,Toyota,19,Highlander,12,2006
732,66660,6060,6060,N,947598,54540,13,Toyota,19,Highlander,12,2006
827,53100,5900,5900,N,907012,41300,12,Suburu,20,Impreza,12,2006
153,63570,9780,9780,Y,904191,44010,14,Volkswagen,21,Jetta,12,2006
376,26730,4860,4860,N,206667,17010,14,Volkswagen,21,Jetta,12,2006
697,47300,4300,8600,N,641845,34400,14,Volkswagen,21,Jetta,12,2006
202,76700,7670,7670,N,505969,61360,12,Suburu,22,Legacy,12,2006
411,5850,1300,650,N,631565,3900,3,BMW,23,M5,12,2006
198,5200,650,650,N,976971,3900,1,Accura,26,MDX,12,2006
482,62900,12580,6290,N,918037,44030,1,Accura,26,MDX,12,2006
633,53800,5380,5380,N,322609,43040,1,Accura,26,MDX,12,2006
441,57330,6370,6370,N,492224,44590,5,Dodge,28,Neon,12,2006
662,59500,11900,5950,N,804219,41650,5,Dodge,28,Neon,12,2006
535,62590,5690,11380,N,382394,45520,10,Nissan,30,Pathfinder,12,2006
738,52800,5280,5280,N,180286,42240,10,Nissan,30,Pathfinder,12,2006
817,60170,5470,10940,N,521592,43760,10,Nissan,30,Pathfinder,12,2006
837,85320,21330,7110,N,797636,56880,10,Nissan,30,Pathfinder,12,2006
862,82400,8240,8240,N,489618,65920,10,Nissan,30,Pathfinder,12,2006
97,72930,6630,6630,Y,900628,59670,5,Dodge,31,RAM,12,2006
735,50700,5070,5070,N,805806,40560,1,Accura,32,RSX,12,2006
913,42680,3880,7760,Y,155604,31040,1,Accura,32,RSX,12,2006
300,63720,7080,21240,N,515698,35400,1,Accura,35,TL,12,2006
110,60940,5540,11080,Y,853360,44320,10,Nissan,36,Ultima,12,2006
465,61650,6850,6850,N,149467,47950,10,Nissan,36,Ultima,12,2006
157,72100,7210,14420,N,781181,50470,8,Jeep,37,Wrangler,12,2006
171,51740,11940,7960,N,922565,31840,8,Jeep,37,Wrangler,12,2006
619,45270,10060,10060,N,191891,25150,8,Jeep,37,Wrangler,12,2006
830,84920,7720,15440,Y,951863,61760,8,Jeep,37,Wrangler,12,2006
129,63840,10640,10640,Y,517240,42560,3,BMW,38,X5,12,2006
667,75400,17400,11600,Y,437442,46400,3,BMW,39,X6,12,2006
59,65790,7310,7310,N,623648,51170,11,Saab,1,93,13,2007
114,57720,14430,9620,N,981123,33670,11,Saab,1,93,13,2007
493,69480,11580,11580,N,795004,46320,11,Saab,2,95,13,2007
101,79300,15860,15860,N,797613,47580,11,Saab,4,92x,13,2007
599,54450,6050,12100,N,507545,36300,11,Saab,4,92x,13,2007
733,78320,7120,14240,N,658002,56960,11,Saab,4,92x,13,2007
100,5600,700,700,N,246882,4200,2,Audi,5,A3,13,2007
352,35900,7180,3590,Y,701521,25130,2,Audi,5,A3,13,2007
653,68750,12500,12500,Y,913337,43750,2,Audi,6,A5,13,2007
852,46800,4680,9360,Y,982678,32760,2,Audi,6,A5,13,2007
186,88660,8060,16120,Y,442795,64480,9,Mercedes,8,C300,13,2007
580,64200,6420,19260,Y,641934,38520,7,Honda,10,Civic,13,2007
190,101860,18520,18520,N,438817,64820,7,Honda,12,CRV,13,2007
2,5070,780,780,Y,342868,3510,9,Mercedes,13,E400,13,2007
666,62880,5240,10480,Y,593466,47160,9,Mercedes,13,E400,13,2007
1000,5060,460,920,N,556080,3680,9,Mercedes,13,E400,13,2007
456,95150,17300,17300,N,955953,60550,6,Ford,14,Escape,13,2007
971,74140,13480,6740,N,844129,53920,6,Ford,14,Escape,13,2007
87,68400,11400,11400,N,798177,45600,6,Ford,15,F150,13,2007
386,49140,5460,5460,N,903785,38220,6,Ford,15,F150,13,2007
769,70500,7050,14100,N,259792,49350,12,Suburu,16,Forrestor,13,2007
492,54120,4510,9020,N,498759,40590,8,Jeep,18,Grand Cherokee,13,2007
767,61800,12360,6180,N,684193,43260,12,Suburu,20,Impreza,13,2007
149,71680,8960,8960,Y,119513,53760,14,Volkswagen,21,Jetta,13,2007
172,53600,6700,6700,Y,288580,40200,14,Volkswagen,21,Jetta,13,2007
710,51390,5710,5710,Y,283267,39970,14,Volkswagen,21,Jetta,13,2007
890,56320,10240,5120,N,753005,40960,14,Volkswagen,21,Jetta,13,2007
86,58300,5830,11660,N,498875,40810,12,Suburu,22,Legacy,13,2007
741,67600,13520,6760,N,178081,47320,12,Suburu,22,Legacy,13,2007
569,84600,16920,8460,N,396002,59220,4,Chevrolet,24,Malibu,13,2007
874,42240,7680,7680,N,130156,26880,4,Chevrolet,24,Malibu,13,2007
617,74700,7470,14940,Y,594988,52290,10,Nissan,25,Maxima,13,2007
539,4700,940,470,Y,852002,3290,5,Dodge,28,Neon,13,2007
788,28440,3160,3160,N,920554,22120,5,Dodge,28,Neon,13,2007
468,38610,3510,3510,N,574637,31590,14,Volkswagen,29,Passat,13,2007
585,6030,670,670,N,633090,4690,10,Nissan,30,Pathfinder,13,2007
601,43700,4370,4370,Y,796375,34960,10,Nissan,30,Pathfinder,13,2007
833,4560,760,380,N,863749,3420,10,Nissan,30,Pathfinder,13,2007
3,34650,7700,3850,N,687698,23100,5,Dodge,31,RAM,13,2007
745,60600,6060,12120,Y,398683,42420,5,Dodge,31,RAM,13,2007
924,75790,13780,6890,N,524215,55120,1,Accura,32,RSX,13,2007
270,68970,12540,6270,N,842618,50160,4,Chevrolet,34,Tahoe,13,2007
467,58410,10620,5310,N,628337,42480,4,Chevrolet,34,Tahoe,13,2007
714,50380,4580,9160,Y,520179,36640,4,Chevrolet,34,Tahoe,13,2007
725,36960,6720,3360,N,961496,26880,4,Chevrolet,34,Tahoe,13,2007
975,98280,15120,7560,Y,291006,75600,4,Chevrolet,34,Tahoe,13,2007
39,62300,12460,6230,N,485664,43610,8,Jeep,37,Wrangler,13,2007
762,68200,12400,12400,Y,648852,43400,8,Jeep,37,Wrangler,13,2007
93,5900,590,590,N,918629,4720,3,BMW,38,X5,13,2007
420,95810,14740,14740,N,296960,66330,3,BMW,38,X5,13,2007
450,76890,6990,13980,N,506333,55920,3,BMW,39,X6,13,2007
692,44440,8080,4040,Y,206004,32320,3,BMW,39,X6,13,2007
878,61440,10240,10240,N,676255,40960,11,Saab,1,93,14,2008
855,57900,5790,5790,N,364055,46320,11,Saab,2,95,14,2008
33,29790,3310,3310,N,336614,23170,3,BMW,3,3 Series,14,2008
310,45700,4570,4570,N,427199,36560,3,BMW,3,3 Series,14,2008
570,69700,6970,6970,N,976908,55760,3,BMW,3,3 Series,14,2008
247,58140,6460,6460,N,184938,45220,11,Saab,4,92x,14,2008
897,7260,660,1320,N,272910,5280,11,Saab,4,92x,14,2008
960,3300,600,600,N,645723,2100,11,Saab,4,92x,14,2008
576,71100,7110,14220,N,439049,49770,2,Audi,5,A3,14,2008
217,63120,5260,10520,N,593390,47340,2,Audi,6,A5,14,2008
301,7680,1280,640,N,132871,5760,2,Audi,6,A5,14,2008
746,81240,6770,20310,Y,605100,54160,9,Mercedes,8,C300,14,2008
930,55000,10000,10000,Y,686522,35000,13,Toyota,9,Camry,14,2008
141,52030,9460,4730,N,682387,37840,9,Mercedes,13,E400,14,2008
598,5000,500,1000,Y,276804,3500,9,Mercedes,13,E400,14,2008
402,59670,9180,9180,N,348814,41310,6,Ford,14,Escape,14,2008
976,66550,6050,12100,N,845751,48400,6,Ford,14,Escape,14,2008
408,24200,2200,4400,N,596298,17600,12,Suburu,16,Forrestor,14,2008
122,76560,12760,12760,Y,253791,51040,6,Ford,17,Fusion,14,2008
563,61560,6840,6840,N,919875,47880,6,Ford,17,Fusion,14,2008
786,50050,7700,3850,Y,463237,38500,6,Ford,17,Fusion,14,2008
104,2970,330,330,N,760179,2310,13,Toyota,19,Highlander,14,2008
605,71640,5970,11940,N,143924,53730,13,Toyota,19,Highlander,14,2008
343,57860,0,10520,Y,445973,47340,12,Suburu,20,Impreza,14,2008
603,55000,10000,10000,Y,110084,35000,14,Volkswagen,21,Jetta,14,2008
965,3900,390,780,Y,390256,2730,14,Volkswagen,21,Jetta,14,2008
52,7260,1320,660,N,537546,5280,3,BMW,23,M5,14,2008
631,88220,16040,16040,N,469966,56140,4,Chevrolet,24,Malibu,14,2008
225,77880,12980,12980,N,872734,51920,1,Accura,26,MDX,14,2008
286,70290,12780,6390,N,830414,51120,1,Accura,26,MDX,14,2008
429,69680,8710,8710,Y,287489,52260,9,Mercedes,27,ML350,14,2008
442,81960,13660,13660,N,411477,54640,5,Dodge,28,Neon,14,2008
934,48780,5420,10840,N,291902,32520,5,Dodge,28,Neon,14,2008
982,61100,6110,12220,N,525862,42770,5,Dodge,28,Neon,14,2008
191,5390,980,980,N,293794,3430,14,Volkswagen,29,Passat,14,2008
816,70700,7070,14140,N,833321,49490,14,Volkswagen,29,Passat,14,2008
868,59300,11860,5930,N,167466,41510,5,Dodge,31,RAM,14,2008
928,74690,6790,13580,Y,449263,54320,5,Dodge,31,RAM,14,2008
337,44280,4920,4920,N,935442,34440,4,Chevrolet,33,Silverado,14,2008
686,50000,5000,10000,N,797634,35000,4,Chevrolet,33,Silverado,14,2008
413,69480,11580,11580,N,926665,46320,4,Chevrolet,34,Tahoe,14,2008
549,8640,1440,720,N,950880,6480,1,Accura,35,TL,14,2008
276,37530,4170,4170,N,367595,29190,8,Jeep,37,Wrangler,14,2008
652,77700,7770,15540,N,658816,54390,8,Jeep,37,Wrangler,14,2008
676,4200,840,420,N,386429,2940,8,Jeep,37,Wrangler,14,2008
187,18000,2250,2250,N,226330,13500,2,Audi,5,A3,15,2009
809,78200,15640,7820,N,824116,54740,2,Audi,5,A3,15,2009
67,89700,13800,13800,Y,356590,62100,2,Audi,6,A5,15,2009
349,67650,12300,6150,N,399524,49200,2,Audi,6,A5,15,2009
832,69080,12560,6280,Y,357394,50240,2,Audi,6,A5,15,2009
306,36720,4080,4080,Y,771236,28560,7,Honda,7,Accord,15,2009
152,48060,10680,5340,N,565157,32040,9,Mercedes,8,C300,15,2009
918,62640,10440,10440,N,378587,41760,9,Mercedes,8,C300,15,2009
221,61380,11160,5580,Y,940942,44640,7,Honda,10,Civic,15,2009
378,45500,9100,4550,N,412703,31850,13,Toyota,11,Corolla,15,2009
584,68090,12380,12380,N,512894,43330,13,Toyota,11,Corolla,15,2009
330,55660,5060,10120,Y,414519,40480,7,Honda,12,CRV,15,2009
663,53460,5940,5940,N,483088,41580,7,Honda,12,CRV,15,2009
249,5900,1180,590,N,326322,4130,9,Mercedes,13,E400,15,2009
285,79560,13260,13260,N,967756,53040,6,Ford,14,Escape,15,2009
562,84100,16820,8410,Y,337158,58870,6,Ford,14,Escape,15,2009
55,2640,480,480,N,282195,1680,6,Ford,15,F150,15,2009
251,55440,5040,10080,Y,336047,40320,12,Suburu,16,Forrestor,15,2009
373,74360,13520,6760,N,150181,54080,12,Suburu,16,Forrestor,15,2009
94,70680,5890,11780,N,731450,53010,6,Ford,17,Fusion,15,2009
818,74800,13600,6800,Y,254837,54400,6,Ford,17,Fusion,15,2009
418,55600,11120,5560,N,165565,38920,8,Jeep,18,Grand Cherokee,15,2009
519,47800,4780,4780,N,246435,38240,8,Jeep,18,Grand Cherokee,15,2009
863,54240,6780,6780,N,717044,40680,12,Suburu,20,Impreza,15,2009
394,65520,10920,5460,N,756981,49140,14,Volkswagen,21,Jetta,15,2009
645,53460,9720,4860,N,463513,38880,14,Volkswagen,21,Jetta,15,2009
215,81360,6780,13560,Y,604614,61020,12,Suburu,22,Legacy,15,2009
390,54160,6770,6770,N,357713,40620,12,Suburu,22,Legacy,15,2009
728,86130,15660,7830,Y,691115,62640,12,Suburu,22,Legacy,15,2009
781,49390,8980,4490,N,865607,35920,12,Suburu,22,Legacy,15,2009
448,68750,12500,6250,N,993840,50000,4,Chevrolet,24,Malibu,15,2009
803,56000,5600,5600,N,910365,44800,4,Chevrolet,24,Malibu,15,2009
819,4100,820,410,N,634499,2870,4,Chevrolet,24,Malibu,15,2009
296,72120,12020,12020,N,756459,48080,9,Mercedes,27,ML350,15,2009
534,6820,1240,620,N,840806,4960,9,Mercedes,27,ML350,15,2009
29,69840,7760,15520,N,914088,46560,5,Dodge,28,Neon,15,2009
831,61050,5550,11100,N,211578,44400,5,Dodge,28,Neon,15,2009
213,34320,8580,4290,N,565564,21450,14,Volkswagen,29,Passat,15,2009
683,6050,550,1100,N,309323,4400,14,Volkswagen,29,Passat,15,2009
553,4620,840,840,Y,550294,2940,5,Dodge,31,RAM,15,2009
782,69360,11560,11560,N,963285,46240,5,Dodge,31,RAM,15,2009
820,61490,5590,11180,N,574707,44720,5,Dodge,31,RAM,15,2009
5,6500,1300,650,N,367455,4550,1,Accura,32,RSX,15,2009
183,90970,16540,16540,N,514065,57890,1,Accura,32,RSX,15,2009
204,64350,7150,7150,N,586367,50050,4,Chevrolet,34,Tahoe,15,2009
236,76560,12760,6380,N,492745,57420,10,Nissan,36,Ultima,15,2009
485,50000,15000,5000,N,836272,30000,8,Jeep,37,Wrangler,15,2009
268,78300,15660,7830,N,818167,54810,3,BMW,38,X5,15,2009
317,90600,15100,15100,N,351741,60400,3,BMW,38,X5,15,2009
315,84500,13000,13000,N,515217,58500,3,BMW,39,X6,15,2009
120,72820,13240,6620,N,531640,52960,3,BMW,3,3 Series,16,2010
239,71060,6460,12920,N,280709,51680,11,Saab,4,92x,16,2010
297,77100,7710,15420,N,655787,53970,2,Audi,5,A3,16,2010
607,57500,5750,5750,N,284834,46000,2,Audi,5,A3,16,2010
747,29300,2930,5860,N,143109,20510,2,Audi,5,A3,16,2010
258,57690,6410,12820,Y,168151,38460,9,Mercedes,8,C300,16,2010
615,4900,490,490,N,432740,3920,13,Toyota,9,Camry,16,2010
628,6050,1100,1100,N,136520,3850,13,Toyota,9,Camry,16,2010
669,58500,5850,5850,N,794951,46800,13,Toyota,9,Camry,16,2010
295,53400,5340,5340,Y,384618,42720,7,Honda,10,Civic,16,2010
909,5500,500,500,N,844117,4500,7,Honda,10,Civic,16,2010
679,69300,13860,6930,N,749325,48510,6,Ford,14,Escape,16,2010
950,68160,11360,11360,N,193213,45440,6,Ford,14,Escape,16,2010
657,3900,780,390,N,298412,2730,6,Ford,15,F150,16,2010
76,51210,11380,5690,N,116700,34140,6,Ford,17,Fusion,16,2010
568,32280,5380,5380,Y,403776,21520,6,Ford,17,Fusion,16,2010
583,85020,13080,13080,N,542245,58860,6,Ford,17,Fusion,16,2010
273,71760,11040,11040,Y,994538,49680,8,Jeep,18,Grand Cherokee,16,2010
529,75960,6330,6330,N,505014,63300,8,Jeep,18,Grand Cherokee,16,2010
658,59400,11880,5940,Y,261905,41580,8,Jeep,18,Grand Cherokee,16,2010
14,7280,1120,1120,N,626808,5040,13,Toyota,19,Highlander,16,2010
567,54300,10860,5430,N,250249,38010,13,Toyota,19,Highlander,16,2010
935,52380,5820,5820,N,149839,40740,13,Toyota,19,Highlander,16,2010
358,65040,10840,10840,N,435784,43360,12,Suburu,20,Impreza,16,2010
660,43600,8720,4360,N,223404,30520,12,Suburu,22,Legacy,16,2010
41,40000,8000,4000,N,206213,28000,3,BMW,23,M5,16,2010
561,42900,3900,3900,N,756870,35100,4,Chevrolet,24,Malibu,16,2010
815,72900,14580,14580,N,907113,43740,10,Nissan,25,Maxima,16,2010
627,72840,12140,6070,N,521694,54630,5,Dodge,28,Neon,16,2010
265,57640,5240,10480,N,942504,41920,14,Volkswagen,29,Passat,16,2010
618,40600,4060,4060,N,979544,32480,14,Volkswagen,29,Passat,16,2010
326,88400,17680,8840,N,984948,61880,10,Nissan,30,Pathfinder,16,2010
440,5900,590,590,N,180720,4720,10,Nissan,30,Pathfinder,16,2010
993,36700,3670,7340,N,215278,25690,10,Nissan,30,Pathfinder,16,2010
43,51660,5740,5740,N,448961,40180,5,Dodge,31,RAM,16,2010
111,74700,7470,14940,N,776860,52290,5,Dodge,31,RAM,16,2010
322,63600,6360,12720,N,951543,44520,5,Dodge,31,RAM,16,2010
227,88920,6840,13680,N,740505,68400,1,Accura,32,RSX,16,2010
180,4950,450,900,N,651861,3600,4,Chevrolet,33,Silverado,16,2010
188,5500,1100,550,N,134430,3850,4,Chevrolet,34,Tahoe,16,2010
248,98670,15180,15180,Y,187775,68310,4,Chevrolet,34,Tahoe,16,2010
572,37520,4690,4690,N,485295,28140,8,Jeep,37,Wrangler,16,2010
749,49400,9880,4940,N,769602,34580,8,Jeep,37,Wrangler,16,2010
848,68580,7620,7620,N,777533,53340,8,Jeep,37,Wrangler,16,2010
898,64680,11760,11760,N,305758,41160,8,Jeep,37,Wrangler,16,2010
910,30700,3070,6140,N,744557,21490,8,Jeep,37,Wrangler,16,2010
926,3870,430,860,N,398484,2580,8,Jeep,37,Wrangler,16,2010
138,65500,6550,6550,N,434507,52400,3,BMW,38,X5,16,2010
292,51570,5730,11460,N,444422,34380,3,BMW,38,X5,16,2010
530,75570,6870,13740,Y,920826,54960,3,BMW,38,X5,16,2010
590,65100,6510,6510,N,106186,52080,11,Saab,1,93,17,2011
883,85690,15580,15580,N,258265,54530,3,BMW,3,3 Series,17,2011
475,6490,590,1180,Y,218456,4720,13,Toyota,9,Camry,17,2011
560,53680,4880,9760,N,663938,39040,13,Toyota,9,Camry,17,2011
353,52200,5220,10440,N,360770,36540,7,Honda,12,CRV,17,2011
871,75400,15080,7540,N,979963,52780,7,Honda,12,CRV,17,2011
914,87780,7980,7980,N,608443,71820,7,Honda,12,CRV,17,2011
165,99990,18180,18180,N,985436,63630,9,Mercedes,13,E400,17,2011
252,80850,7350,14700,Y,532330,58800,6,Ford,15,F150,17,2011
557,4950,900,450,N,618682,3600,6,Ford,15,F150,17,2011
834,67800,11300,11300,N,596914,45200,6,Ford,15,F150,17,2011
949,60840,13520,6760,N,889003,40560,12,Suburu,16,Forrestor,17,2011
344,6240,960,960,N,156694,4320,6,Ford,17,Fusion,17,2011
118,70400,6400,12800,Y,330591,51200,13,Toyota,19,Highlander,17,2011
362,65520,9360,9360,Y,265026,46800,13,Toyota,19,Highlander,17,2011
21,47160,0,5240,N,183430,41920,12,Suburu,20,Impreza,17,2011
150,112320,17280,17280,Y,217938,77760,12,Suburu,20,Impreza,17,2011
201,5760,960,960,N,247116,3840,12,Suburu,20,Impreza,17,2011
351,64900,12980,12980,N,380067,38940,14,Volkswagen,21,Jetta,17,2011
541,83160,6930,13860,N,689034,62370,14,Volkswagen,21,Jetta,17,2011
771,57860,5260,10520,N,760700,42080,14,Volkswagen,21,Jetta,17,2011
63,56300,5630,11260,N,343161,39410,3,BMW,23,M5,17,2011
206,54400,5440,5440,N,650026,43520,3,BMW,23,M5,17,2011
922,57200,5200,10400,N,987524,41600,3,BMW,23,M5,17,2011
983,51900,5190,10380,Y,490514,36330,3,BMW,23,M5,17,2011
184,81840,14880,7440,Y,391652,59520,4,Chevrolet,24,Malibu,17,2011
455,48730,4430,4430,N,248467,39870,4,Chevrolet,24,Malibu,17,2011
783,3740,680,680,N,728491,2380,4,Chevrolet,24,Malibu,17,2011
428,60570,6730,6730,N,268833,47110,10,Nissan,25,Maxima,17,2011
90,45120,0,5640,Y,958857,39480,1,Accura,26,MDX,17,2011
145,45630,5070,5070,N,165485,35490,1,Accura,26,MDX,17,2011
364,42700,0,6100,Y,566720,36600,9,Mercedes,27,ML350,17,2011
674,33480,3720,3720,N,998865,26040,5,Dodge,28,Neon,17,2011
840,51600,10320,5160,N,965187,36120,5,Dodge,28,Neon,17,2011
894,8970,1380,1380,N,164464,6210,5,Dodge,28,Neon,17,2011
458,79800,13300,6650,Y,137675,59850,14,Volkswagen,29,Passat,17,2011
743,84500,13000,13000,Y,990624,58500,14,Volkswagen,29,Passat,17,2011
40,60170,10940,10940,Y,982871,38290,10,Nissan,30,Pathfinder,17,2011
279,64350,5850,11700,Y,512813,46800,10,Nissan,30,Pathfinder,17,2011
791,5830,1060,530,N,607259,4240,10,Nissan,30,Pathfinder,17,2011
822,45100,8200,4100,N,149601,32800,10,Nissan,30,Pathfinder,17,2011
24,98160,8180,16360,Y,115399,73620,5,Dodge,31,RAM,17,2011
940,61050,11100,11100,Y,598308,38850,5,Dodge,31,RAM,17,2011
727,1920,480,0,N,369226,1440,4,Chevrolet,34,Tahoe,17,2011
30,91650,14100,14100,N,596785,63450,1,Accura,35,TL,17,2011
369,48950,4450,8900,Y,216738,35600,1,Accura,35,TL,17,2011
395,47700,4770,9540,Y,121439,33390,1,Accura,35,TL,17,2011
889,60600,12120,6060,N,963761,42420,1,Accura,35,TL,17,2011
507,53370,5930,5930,N,491484,41510,10,Nissan,36,Ultima,17,2011
170,6700,670,670,N,962591,5360,8,Jeep,37,Wrangler,17,2011
176,79600,15920,15920,N,648509,47760,8,Jeep,37,Wrangler,17,2011
125,42000,7000,7000,N,717392,28000,3,BMW,38,X5,17,2011
907,64400,6440,6440,N,221186,51520,3,BMW,38,X5,17,2011
277,64080,7120,7120,N,586104,49840,11,Saab,1,93,18,2012
323,32800,3280,3280,N,576723,26240,3,BMW,3,3 Series,18,2012
713,66480,5540,11080,Y,669800,49860,11,Saab,4,92x,18,2012
272,3080,560,280,N,873114,2240,2,Audi,5,A3,18,2012
167,71280,12960,12960,Y,335780,45360,2,Audi,6,A5,18,2012
193,55500,5550,11100,N,828890,38850,9,Mercedes,8,C300,18,2012
533,79080,6590,13180,N,283052,59310,9,Mercedes,8,C300,18,2012
765,70290,12780,12780,N,801331,44730,9,Mercedes,8,C300,18,2012
9,27700,2770,2770,N,485665,22160,13,Toyota,9,Camry,18,2012
451,56070,6230,12460,N,263159,37380,13,Toyota,9,Camry,18,2012
787,59070,10740,5370,N,753452,42960,13,Toyota,9,Camry,18,2012
423,91260,14040,14040,N,355085,63180,13,Toyota,11,Corolla,18,2012
649,5060,460,920,N,757352,3680,7,Honda,12,CRV,18,2012
711,70200,7020,7020,Y,442494,56160,6,Ford,15,F150,18,2012
375,62280,5190,10380,N,457244,46710,12,Suburu,16,Forrestor,18,2012
397,73320,6110,12220,N,538466,54990,6,Ford,17,Fusion,18,2012
811,57060,6340,6340,N,871305,44380,6,Ford,17,Fusion,18,2012
222,28100,2810,5620,N,442677,19670,8,Jeep,18,Grand Cherokee,18,2012
345,66600,16650,11100,Y,421940,38850,8,Jeep,18,Grand Cherokee,18,2012
623,3200,400,400,N,944537,2400,8,Jeep,18,Grand Cherokee,18,2012
744,71610,13020,6510,Y,892148,52080,13,Toyota,19,Highlander,18,2012
857,66200,6620,6620,N,737252,52960,12,Suburu,20,Impreza,18,2012
954,4620,420,840,N,791425,3360,14,Volkswagen,21,Jetta,18,2012
166,61380,11160,5580,N,237418,44640,12,Suburu,22,Legacy,18,2012
313,35000,3500,7000,N,278091,24500,12,Suburu,22,Legacy,18,2012
891,52250,9500,4750,N,454758,38000,12,Suburu,22,Legacy,18,2012
577,69400,13880,6940,N,502634,48580,3,BMW,23,M5,18,2012
382,62920,11440,5720,N,218109,45760,4,Chevrolet,24,Malibu,18,2012
17,52110,5790,5790,N,558938,40530,10,Nissan,25,Maxima,18,2012
755,79090,14380,7190,N,445195,57520,10,Nissan,25,Maxima,18,2012
144,70800,7080,14160,Y,354105,49560,1,Accura,26,MDX,18,2012
962,7590,1380,690,N,437960,5520,1,Accura,26,MDX,18,2012
970,6600,600,1200,N,844062,4800,1,Accura,26,MDX,18,2012
790,38700,7740,3870,N,725330,27090,14,Volkswagen,29,Passat,18,2012
994,60200,6020,6020,N,674570,48160,14,Volkswagen,29,Passat,18,2012
7,78650,21450,7150,N,413978,50050,10,Nissan,30,Pathfinder,18,2012
911,33480,3720,3720,N,159536,26040,10,Nissan,30,Pathfinder,18,2012
132,61500,6150,12300,N,620215,43050,5,Dodge,31,RAM,18,2012
244,65400,10900,10900,N,629918,43600,5,Dodge,31,RAM,18,2012
246,75400,7540,15080,Y,513099,52780,5,Dodge,31,RAM,18,2012
488,63300,12660,6330,N,807369,44310,5,Dodge,31,RAM,18,2012
405,84480,7680,15360,Y,901083,61440,4,Chevrolet,33,Silverado,18,2012
988,60320,9280,9280,Y,836349,41760,4,Chevrolet,34,Tahoe,18,2012
281,46560,7760,7760,N,330506,31040,10,Nissan,36,Ultima,18,2012
401,77990,7090,14180,N,936638,56720,8,Jeep,37,Wrangler,18,2012
661,62800,6280,12560,N,991480,43960,8,Jeep,37,Wrangler,18,2012
155,54240,9040,9040,Y,575000,36160,11,Saab,1,93,19,2013
464,84590,15380,7690,N,461962,61520,11,Saab,1,93,19,2013
500,73370,13340,6670,N,599262,53360,11,Saab,2,95,19,2013
555,41700,8340,8340,N,540152,25020,11,Saab,2,95,19,2013
806,48000,4800,9600,N,135400,33600,11,Saab,2,95,19,2013
290,8760,1460,1460,N,448642,5840,3,BMW,3,3 Series,19,2013
484,81500,16300,8150,N,373731,57050,3,BMW,3,3 Series,19,2013
158,6500,1300,650,N,299796,4550,11,Saab,4,92x,19,2013
85,60940,5540,11080,Y,498140,44320,2,Audi,5,A3,19,2013
695,57000,0,11400,N,654974,45600,2,Audi,5,A3,19,2013
185,54900,5490,5490,N,922167,43920,9,Mercedes,8,C300,19,2013
939,68240,8530,0,Y,746630,59710,13,Toyota,11,Corolla,19,2013
985,51390,5710,11420,N,974522,34260,13,Toyota,11,Corolla,19,2013
554,6930,630,1260,N,328387,5040,7,Honda,12,CRV,19,2013
380,50800,10160,5080,Y,347984,35560,9,Mercedes,13,E400,19,2013
542,10790,1660,830,N,743092,8300,9,Mercedes,13,E400,19,2013
126,36300,3300,9900,N,965768,23100,6,Ford,14,Escape,19,2013
289,66780,7420,7420,Y,332892,51940,6,Ford,14,Escape,19,2013
651,69930,0,15540,Y,526296,54390,6,Ford,14,Escape,19,2013
528,2700,300,300,N,729534,2100,6,Ford,15,F150,19,2013
103,28800,0,3600,N,389238,25200,6,Ford,17,Fusion,19,2013
262,59000,5900,5900,Y,475588,47200,6,Ford,17,Fusion,19,2013
991,34290,3810,3810,N,663190,26670,8,Jeep,18,Grand Cherokee,19,2013
392,51480,5720,5720,N,751612,40040,13,Toyota,19,Highlander,19,2013
463,47760,5970,5970,Y,431283,35820,12,Suburu,20,Impreza,19,2013
587,4590,510,510,N,290162,3570,14,Volkswagen,21,Jetta,19,2013
159,78240,13040,13040,N,589749,52160,12,Suburu,22,Legacy,19,2013
527,78870,7170,14340,N,164988,57360,12,Suburu,22,Legacy,19,2013
80,72200,14440,7220,Y,279422,50540,3,BMW,23,M5,19,2013
282,4730,860,860,Y,779075,3010,4,Chevrolet,24,Malibu,19,2013
812,4680,520,520,N,488037,3640,4,Chevrolet,24,Malibu,19,2013
659,60210,6690,6690,N,674485,46830,10,Nissan,25,Maxima,19,2013
956,45100,9020,4510,N,601042,31570,10,Nissan,25,Maxima,19,2013
814,3520,640,320,N,886473,2560,1,Accura,26,MDX,19,2013
489,65780,11960,11960,N,735307,41860,9,Mercedes,27,ML350,19,2013
574,67770,7530,15060,Y,603632,45180,9,Mercedes,27,ML350,19,2013
377,66200,6620,6620,N,745200,52960,5,Dodge,28,Neon,19,2013
449,61500,12300,6150,N,327856,43050,5,Dodge,28,Neon,19,2013
263,70600,7060,14120,Y,751905,49420,14,Volkswagen,29,Passat,19,2013
98,64890,7210,7210,Y,235220,50470,10,Nissan,30,Pathfinder,19,2013
133,51000,8500,8500,N,618659,34000,10,Nissan,30,Pathfinder,19,2013
514,53730,11940,5970,Y,215534,35820,5,Dodge,31,RAM,19,2013
143,8190,1890,1260,N,139872,5040,4,Chevrolet,33,Silverado,19,2013
963,80080,12320,12320,N,649800,55440,4,Chevrolet,33,Silverado,19,2013
496,80280,13380,13380,N,156636,53520,4,Chevrolet,34,Tahoe,19,2013
303,87300,17460,17460,N,297816,52380,8,Jeep,37,Wrangler,19,2013
872,4200,420,840,N,467841,2940,8,Jeep,37,Wrangler,19,2013
366,3600,360,720,Y,386690,2520,3,BMW,38,X5,19,2013
427,58200,5820,5820,N,131478,46560,3,BMW,38,X5,19,2013
905,75690,8410,8410,N,175553,58870,11,Saab,2,95,20,2014
543,48070,8740,8740,N,599174,30590,11,Saab,4,92x,20,2014
151,82720,7520,15040,N,203914,60160,2,Audi,5,A3,20,2014
341,64800,12960,6480,Y,583169,45360,2,Audi,5,A3,20,2014
953,89520,14920,14920,N,227244,59680,2,Audi,5,A3,20,2014
381,44200,4420,4420,N,626074,35360,2,Audi,6,A5,20,2014
385,100210,18220,18220,N,500384,63770,2,Audi,6,A5,20,2014
259,5940,660,660,N,594739,4620,13,Toyota,9,Camry,20,2014
311,80740,7340,14680,Y,261315,58720,13,Toyota,9,Camry,20,2014
47,77110,0,14020,N,529112,63090,7,Honda,10,Civic,20,2014
199,59400,5940,11880,N,630226,41580,7,Honda,10,Civic,20,2014
314,68000,13600,6800,N,153154,47600,13,Toyota,11,Corolla,20,2014
57,56430,0,6270,N,524836,50160,7,Honda,12,CRV,20,2014
646,57100,5710,5710,N,577858,45680,7,Honda,12,CRV,20,2014
161,6160,560,1680,N,454086,3920,9,Mercedes,13,E400,20,2014
245,3200,640,320,N,208298,2240,9,Mercedes,13,E400,20,2014
387,66840,16710,5570,N,873859,44560,9,Mercedes,13,E400,20,2014
45,56400,11280,11280,N,108844,33840,13,Toyota,19,Highlander,20,2014
174,48100,11100,7400,N,425973,29600,14,Volkswagen,21,Jetta,20,2014
556,77330,14060,14060,Y,385932,49210,14,Volkswagen,21,Jetta,20,2014
804,73260,16280,0,Y,379268,56980,14,Volkswagen,21,Jetta,20,2014
105,93480,15580,7790,N,939905,70110,4,Chevrolet,24,Malibu,20,2014
61,69480,15440,0,Y,598554,54040,10,Nissan,25,Maxima,20,2014
430,55700,5570,11140,N,808153,38990,10,Nissan,25,Maxima,20,2014
471,58300,5830,11660,Y,396590,40810,10,Nissan,25,Maxima,20,2014
704,60190,4630,9260,Y,639027,46300,9,Mercedes,27,ML350,20,2014
261,3850,350,350,N,283925,3150,5,Dodge,28,Neon,20,2014
445,7400,740,1480,N,855186,5180,5,Dodge,28,Neon,20,2014
20,60400,6040,6040,N,143972,48320,10,Nissan,30,Pathfinder,20,2014
148,47300,4730,4730,N,395983,37840,10,Nissan,30,Pathfinder,20,2014
495,64100,12820,6410,Y,430794,44870,5,Dodge,31,RAM,20,2014
573,79090,14380,14380,N,361829,50330,5,Dodge,31,RAM,20,2014
851,94930,8630,8630,N,990998,77670,1,Accura,32,RSX,20,2014
58,2400,300,300,N,307195,1800,4,Chevrolet,33,Silverado,20,2014
4,63400,6340,6340,Y,227811,50720,4,Chevrolet,34,Tahoe,20,2014
328,65780,5980,11960,N,803294,47840,4,Chevrolet,34,Tahoe,20,2014
520,3840,640,640,N,582480,2560,4,Chevrolet,34,Tahoe,20,2014
867,63900,7100,7100,N,695117,49700,1,Accura,35,TL,20,2014
640,41520,5190,5190,N,824728,31140,10,Nissan,36,Ultima,20,2014
968,54200,5420,10840,Y,931901,37940,10,Nissan,36,Ultima,20,2014
671,65440,8180,8180,N,730973,49080,8,Jeep,37,Wrangler,20,2014
845,39800,7960,3980,N,602704,27860,8,Jeep,37,Wrangler,20,2014
293,52700,10540,10540,Y,689500,31620,3,BMW,39,X6,20,2014
629,87890,15980,7990,Y,730819,63920,3,BMW,39,X6,20,2014
229,59040,6560,6560,N,839884,45920,11,Saab,1,93,21,2015
810,55200,13800,9200,Y,322613,32200,11,Saab,1,93,21,2015
399,3190,580,290,N,463727,2320,11,Saab,2,95,21,2015
88,64240,11680,11680,N,614763,40880,3,BMW,3,3 Series,21,2015
241,53500,5350,5350,N,547802,42800,11,Saab,4,92x,21,2015
324,44190,9820,4910,N,391003,29460,2,Audi,5,A3,21,2015
511,80100,8900,8900,N,116735,62300,2,Audi,5,A3,21,2015
856,49410,5490,5490,N,521854,38430,2,Audi,5,A3,21,2015
944,78500,15700,7850,N,110122,54950,2,Audi,5,A3,21,2015
8,51590,9380,9380,N,429027,32830,2,Audi,6,A5,21,2015
235,53600,5360,10720,Y,735822,37520,2,Audi,6,A5,21,2015
372,44110,4010,8020,N,954191,32080,7,Honda,7,Accord,21,2015
211,6120,1020,1020,N,427484,4080,13,Toyota,11,Corolla,21,2015
798,30700,3070,6140,N,804608,21490,13,Toyota,11,Corolla,21,2015
682,2640,440,440,N,719989,1760,7,Honda,12,CRV,21,2015
137,3690,410,410,N,932502,2870,6,Ford,14,Escape,21,2015
112,70000,14000,7000,Y,149367,49000,6,Ford,15,F150,21,2015
505,53820,11960,5980,Y,766193,35880,6,Ford,15,F150,21,2015
119,90000,18000,9000,N,319232,63000,6,Ford,17,Fusion,21,2015
846,56160,6240,6240,Y,672416,43680,6,Ford,17,Fusion,21,2015
169,5940,660,660,N,140880,4620,13,Toyota,19,Highlander,21,2015
987,77000,15400,7700,Y,182953,53900,13,Toyota,19,Highlander,21,2015
34,77110,14020,14020,N,584859,49070,12,Suburu,20,Impreza,21,2015
978,53280,4440,8880,Y,929306,39960,12,Suburu,20,Impreza,21,2015
18,77880,14160,7080,N,275265,56640,12,Suburu,22,Legacy,21,2015
793,46200,4200,8400,N,865201,33600,12,Suburu,22,Legacy,21,2015
948,43560,4840,4840,N,531160,33880,12,Suburu,22,Legacy,21,2015
203,5920,740,740,N,653864,4440,4,Chevrolet,24,Malibu,21,2015
494,66950,10300,10300,N,203250,46350,4,Chevrolet,24,Malibu,21,2015
705,41580,3780,7560,Y,217899,30240,4,Chevrolet,24,Malibu,21,2015
990,53280,5920,0,N,550127,47360,4,Chevrolet,24,Malibu,21,2015
194,7040,1280,640,N,882920,5120,10,Nissan,25,Maxima,21,2015
396,5220,580,580,N,411289,4060,1,Accura,26,MDX,21,2015
502,49800,9960,4980,N,493161,34860,9,Mercedes,27,ML350,21,2015
836,9000,900,1800,N,528259,6300,9,Mercedes,27,ML350,21,2015
367,2800,280,280,N,979285,2240,14,Volkswagen,29,Passat,21,2015
469,57600,9600,9600,N,373600,38400,14,Volkswagen,29,Passat,21,2015
764,65560,11920,11920,Y,984456,41720,14,Volkswagen,29,Passat,21,2015
997,108480,18080,18080,N,186934,72320,14,Volkswagen,29,Passat,21,2015
722,5830,1060,1060,N,153298,3710,5,Dodge,31,RAM,21,2015
879,54400,5440,10880,Y,985446,38080,4,Chevrolet,33,Silverado,21,2015
19,72930,6630,13260,N,921202,53040,1,Accura,35,TL,21,2015
476,55900,5590,5590,N,792673,44720,10,Nissan,36,Ultima,21,2015
712,4900,490,1470,N,159243,2940,8,Jeep,37,Wrangler,21,2015
736,51210,11380,5690,N,235097,34140,8,Jeep,37,Wrangler,21,2015
763,60750,13500,6750,Y,516959,40500,8,Jeep,37,Wrangler,21,2015
540,74140,13480,13480,N,372891,47180,3,BMW,38,X5,21,2015
