policy_number,policy_bind_date,policy_state,policy_csl,policy_deductable,policy_annual_premium,umbrella_limit,capital-gains,capital-loss
521585,10/17/2014,OH,250/500,1000,1406.91,0,53300,0
342868,6/27/2006,IN,250/500,2000,1197.22,5000000,0,0
687698,9/6/2000,OH,100/300,2000,1413.14,5000000,35100,0
227811,5/25/1990,IL,250/500,2000,1415.74,6000000,48900,-62400
367455,6/6/2014,IL,500/1000,1000,1583.91,6000000,66000,-46000
104594,10/12/2006,OH,250/500,1000,1351.1,0,0,0
413978,6/4/2000,IN,250/500,1000,1333.35,0,0,-77000
429027,2/3/1990,IL,100/300,1000,1137.03,0,0,0
485665,2/5/1997,IL,100/300,500,1442.99,0,0,0
636550,7/25/2011,IL,100/300,500,1315.68,0,0,-39300
543610,5/26/2002,OH,100/300,500,1253.12,4000000,38400,0
214618,5/29/1999,OH,100/300,2000,1137.16,0,0,-51000
842643,11/20/1997,OH,500/1000,500,1215.36,3000000,0,0
626808,10/26/2012,OH,100/300,1000,936.61,0,52800,-32800
644081,12/28/1998,OH,250/500,2000,1301.13,0,41300,-55500
892874,10/19/1992,IN,100/300,2000,1131.4,0,55700,0
558938,6/8/2005,OH,500/1000,1000,1199.44,5000000,63600,0
275265,11/15/2004,IN,500/1000,500,708.64,6000000,53500,0
921202,12/28/2014,OH,500/1000,500,1374.22,0,45500,-37800
143972,8/2/1992,IN,500/1000,2000,1475.73,0,57000,-27300
183430,6/25/2002,IN,250/500,1000,1187.96,4000000,0,0
431876,11/27/2005,IL,500/1000,2000,875.15,0,46700,0
285496,5/27/1994,IL,100/300,2000,972.18,0,72700,-68200
115399,2/8/1991,IN,100/300,2000,1268.79,0,0,-31000
736882,2/2/1996,IN,100/300,1000,883.31,0,0,-53500
699044,12/5/2013,OH,100/300,2000,1266.92,0,0,0
863236,9/20/1990,IN,100/300,2000,1322.1,0,0,-29200
608513,7/18/2002,IN,100/300,500,848.07,3000000,31000,-30200
914088,2/8/1990,OH,100/300,2000,1291.7,0,0,-55600
596785,3/4/2014,IL,500/1000,2000,1104.5,0,0,0
908616,2/18/2000,IL,250/500,1000,954.16,0,53200,0
666333,6/19/2008,IL,100/300,2000,1337.28,8000000,27500,0
336614,8/1/2003,IL,500/1000,1000,1088.34,0,81100,0
584859,4/4/1992,IL,100/300,1000,1558.29,0,51400,-64000
990493,1/13/1991,IL,500/1000,500,1415.68,0,0,0
129872,8/8/2010,OH,100/300,1000,1334.15,6000000,53300,-49200
200152,3/9/2003,IL,100/300,1000,988.45,0,0,0
933293,2/3/1993,IL,500/1000,2000,1222.48,0,0,0
485664,11/25/2002,IN,500/1000,2000,1155.55,0,65700,0
982871,7/27/1997,IN,250/500,500,1262.08,0,48500,0
206213,5/8/1995,IL,100/300,500,1451.62,0,0,-55700
616337,8/30/2012,IN,250/500,500,1737.66,0,0,-24100
448961,4/30/2006,IL,500/1000,500,1475.93,0,0,-67400
790442,4/13/2003,OH,250/500,500,538.17,0,49700,-60200
108844,12/5/2007,IL,100/300,2000,1081.08,0,36400,-28700
430029,8/21/2006,IL,250/500,1000,1454.43,0,0,0
529112,1/8/1990,IN,100/300,500,1240.47,0,35300,0
939631,3/18/1990,OH,500/1000,2000,1273.7,4000000,0,0
866931,1/7/2008,IN,500/1000,1000,1123.87,8000000,0,0
582011,3/10/1997,IL,100/300,1000,1245.89,0,0,-40300
691189,1/10/2004,OH,250/500,2000,1326.62,7000000,0,0
537546,8/20/1994,IL,100/300,2000,1073.83,0,0,0
394975,6/2/2002,IN,100/300,1000,1530.52,0,0,0
729634,4/28/1994,IN,100/300,500,1201.41,0,88400,-46500
282195,8/17/2014,OH,250/500,1000,1393.57,0,47600,-39600
420810,8/11/2007,OH,100/300,1000,1276.57,0,71500,0
524836,11/20/2008,IN,250/500,500,1082.49,0,36100,-55000
307195,10/18/1995,IN,500/1000,1000,1414.74,0,0,0
623648,5/19/1993,IL,250/500,2000,1470.06,0,56600,-45800
485372,2/26/2005,OH,250/500,2000,870.63,0,94800,-58500
598554,2/14/1990,IN,100/300,500,795.23,0,36900,0
303987,9/30/1993,IL,500/1000,1000,1168.2,0,69100,0
343161,6/10/2014,IL,500/1000,1000,993.51,0,0,-49500
519312,10/28/2008,OH,500/1000,500,1848.81,0,0,-49000
132902,4/24/2007,OH,250/500,2000,1641.73,5000000,62400,0
332867,12/13/1993,IN,100/300,500,1362.87,0,35700,0
356590,8/17/2011,IN,250/500,500,1239.22,7000000,43400,-91200
346002,8/20/1990,OH,250/500,500,835.02,0,59600,0
500533,2/11/1994,OH,100/300,1000,1061.33,0,43300,-66200
348209,2/22/1994,IN,500/1000,1000,1279.08,0,0,-51500
486676,8/15/2011,OH,100/300,500,1105.49,0,56200,-50000
260845,11/11/1998,OH,100/300,2000,1055.53,0,37800,-50300
657045,12/4/1995,OH,250/500,1000,895.83,0,0,0
761189,12/28/2002,IN,100/300,500,1632.93,0,0,-42900
175177,4/15/2004,IL,100/300,1000,1405.99,0,0,0
116700,2/2/2001,OH,100/300,1000,1425.54,0,78300,0
166264,1/12/2010,OH,500/1000,1000,1038.09,0,0,-19700
527945,4/14/1992,IN,250/500,500,1307.11,0,0,0
627540,5/21/2010,OH,500/1000,1000,1489.24,6000000,0,-45000
279422,10/27/2013,OH,500/1000,500,976.67,0,0,0
484200,10/12/1994,OH,250/500,2000,1340.43,0,52700,-40600
645258,7/4/1997,OH,500/1000,2000,1267.81,5000000,0,0
694662,2/15/2011,IL,250/500,1000,1234.2,6000000,0,0
960680,8/21/1994,IN,250/500,2000,1318.06,0,57300,-80600
498140,5/15/1997,IN,500/1000,2000,769.95,0,0,-44200
498875,10/26/1996,OH,100/300,2000,1514.72,0,35700,0
798177,3/4/2006,IL,500/1000,1000,873.64,4000000,800,0
614763,1/2/1991,IL,500/1000,500,1612.43,0,36400,0
679370,8/15/1999,IL,500/1000,2000,1318.24,9000000,0,-78600
958857,1/15/1992,IN,100/300,1000,1226.83,0,0,-56100
686816,12/7/1999,OH,250/500,2000,1326.44,5000000,0,0
127754,6/6/1993,IL,250/500,2000,1136.83,4000000,0,-62400
918629,10/3/2000,IL,250/500,2000,1322.78,0,55200,0
731450,12/29/2010,IN,100/300,1000,1483.25,0,90700,-20800
307447,3/17/1990,IL,100/300,500,1515.3,0,0,0
992145,3/1/2012,IL,100/300,2000,1075.18,5000000,67700,-58400
900628,2/5/2006,IN,500/1000,1000,1690.27,0,61500,0
235220,11/1/2014,IL,250/500,2000,1352.83,0,0,-71700
740019,6/17/2009,OH,250/500,1000,1148.73,0,0,0
246882,9/20/1999,IL,100/300,1000,969.5,0,0,0
797613,10/19/1990,IN,100/300,500,1463.82,0,0,-72300
193442,8/5/1996,IL,100/300,1000,1474.17,0,0,0
389238,6/6/2001,IL,250/500,500,1497.35,0,37300,-31700
760179,3/25/2007,OH,100/300,1000,1427.14,0,35300,-58100
939905,10/31/2013,OH,500/1000,500,1495.1,0,50500,0
872814,6/13/1992,IL,100/300,500,1141.62,0,34300,-24300
632627,10/7/1990,OH,500/1000,1000,1125.37,0,0,-56400
283414,12/28/1991,IN,500/1000,2000,1207.36,0,0,-57000
163161,11/11/1998,IL,500/1000,2000,1338.5,0,28800,0
853360,6/26/2009,IN,500/1000,1000,1074.07,0,0,-47500
776860,1/11/2009,OH,250/500,500,1337.56,0,0,0
149367,3/18/2003,IN,100/300,500,1298.91,6000000,52600,-38800
395269,11/2/2012,IL,500/1000,500,1222.75,0,0,-41000
981123,5/4/2000,IN,100/300,1000,1059.52,0,0,-40600
143626,9/29/1999,OH,250/500,2000,1124.38,0,0,0
648397,3/9/1999,IN,100/300,1000,1110.37,10000000,34400,-56800
154982,2/13/1991,IL,500/1000,2000,1374.22,0,62000,-63100
330591,8/5/1993,OH,500/1000,2000,1103.58,0,41200,-36200
319232,10/31/1997,IL,250/500,2000,1269.76,0,44300,0
531640,4/21/2001,OH,250/500,500,964.79,8000000,58000,0
368050,1/8/2013,IL,500/1000,2000,1167.3,4000000,0,0
253791,7/23/2009,IL,500/1000,500,1625.45,4000000,0,-53700
155724,2/20/1998,IL,250/500,500,1394.43,0,0,0
824540,3/13/2008,OH,250/500,2000,1053.24,0,51100,0
717392,8/20/1996,IL,100/300,500,1040.75,0,0,0
965768,7/27/2014,IN,250/500,1000,1302.4,6000000,47200,-69700
414779,11/9/1992,IL,100/300,2000,1588.55,0,59600,-32100
428230,6/4/2012,IN,500/1000,500,1399.26,0,70500,0
517240,5/13/2001,OH,100/300,2000,1352.31,0,40700,-47300
469874,9/17/2011,IL,250/500,1000,1139,6000000,42400,0
718428,7/15/2011,IN,250/500,1000,1397.67,0,57900,0
620215,7/27/2005,IN,250/500,500,823.17,0,0,0
618659,10/18/2005,OH,100/300,500,965.13,0,60000,-54800
649082,1/19/1996,IL,500/1000,1000,1922.84,0,0,-45200
437573,9/29/2005,OH,250/500,2000,1624.82,0,65300,-65600
964657,2/18/1997,IN,250/500,2000,1277.25,0,84900,0
932502,5/11/2010,IL,100/300,1000,1439.34,0,45300,-20400
434507,2/6/2009,IL,250/500,1000,1281.27,0,68900,0
935277,7/9/2013,IL,500/1000,500,1348.83,0,46300,-77500
756054,6/6/1992,IL,250/500,1000,1198.15,0,0,-43200
682387,3/8/1998,OH,100/300,2000,1221.22,0,76000,0
456604,3/29/2004,IL,500/1000,2000,968.74,0,0,-49000
139872,6/1/2006,IN,250/500,1000,1220.71,0,58600,-28700
354105,6/8/1994,IN,250/500,2000,1238.62,6000000,0,-56200
165485,2/12/1998,IL,500/1000,2000,1320.75,0,54100,0
515050,11/16/2000,OH,100/300,500,990.98,0,0,-57900
795686,10/24/2004,IL,500/1000,500,1398.51,4000000,0,-57100
395983,11/8/2009,OH,100/300,500,1355.08,0,58100,0
119513,9/21/1996,IL,100/300,1000,1384.51,0,13100,-38200
217938,7/16/1995,OH,250/500,500,847.03,0,0,0
203914,6/9/2001,OH,100/300,1000,1000.06,0,0,0
565157,10/6/2002,IL,100/300,1000,1046.71,0,0,0
904191,7/14/1997,IN,250/500,500,1158.03,0,31900,-44600
419510,11/11/1994,OH,100/300,1000,1372.27,0,17600,0
575000,6/23/2012,OH,100/300,1000,1053.04,7000000,52000,-44500
120485,2/18/2007,OH,100/300,1000,1275.39,0,0,0
781181,6/27/2005,OH,100/300,2000,1402.75,0,0,0
299796,9/29/1999,IN,250/500,500,1344.36,7000000,0,0
589749,5/14/2006,IN,100/300,1000,1197.71,0,29000,0
854021,4/29/2010,OH,100/300,500,1203.24,0,62500,-66900
454086,11/10/1992,IN,500/1000,1000,1152.4,0,39600,-82400
139484,7/24/1999,IN,500/1000,2000,1142.62,7000000,0,-54000
678849,2/22/1992,OH,500/1000,1000,1332.07,0,49700,-59100
346940,9/13/2002,OH,500/1000,1000,1166.54,0,47700,-59300
985436,8/9/2003,IL,250/500,500,1495.06,0,38100,-31400
237418,12/4/2007,IN,500/1000,1000,1337.92,0,71400,0
335780,7/22/2002,OH,250/500,2000,1587.96,0,0,-26900
491392,7/3/1992,IL,500/1000,1000,1362.29,0,0,-51100
140880,3/29/2005,IL,250/500,500,1448.84,0,0,-50000
962591,3/16/2008,IN,250/500,2000,1241.97,0,75400,0
922565,5/23/1999,IL,250/500,500,1124.6,0,0,0
288580,11/22/2012,OH,250/500,2000,1079.92,0,88800,0
154280,1/29/1993,IL,250/500,1000,1447.78,0,35100,-59900
425973,2/11/2003,IN,250/500,500,1229.16,4000000,0,-88300
477177,8/15/1990,IL,100/300,1000,1226.49,0,53900,0
648509,3/6/2010,IN,100/300,2000,897.89,6000000,0,-41300
914815,9/27/1990,IN,100/300,500,1706.79,0,0,0
249048,6/17/2005,IL,250/500,1000,1254.18,0,0,-45100
144323,9/14/2001,IN,500/1000,500,885.08,0,27000,-58900
651861,1/7/2011,IL,100/300,500,1046.58,4000000,0,-31700
125324,9/13/2003,OH,500/1000,2000,1712.68,0,72200,0
398102,10/24/1997,IL,500/1000,2000,1097.71,0,29600,-22300
514065,1/4/2009,IN,250/500,500,1363.77,4000000,51100,0
391652,10/12/1998,OH,100/300,500,1382.88,7000000,0,-30300
922167,2/23/1993,OH,100/300,1000,1141.35,7000000,0,0
442795,7/7/1996,OH,500/1000,500,1054.83,7000000,0,-51300
226330,1/23/2013,IL,100/300,2000,1057.77,0,0,-57700
134430,12/6/2006,IN,250/500,2000,1488.02,0,0,-39200
524230,2/23/2014,IN,100/300,500,920.3,5000000,51000,-67900
438817,11/16/2007,OH,500/1000,1000,986.53,0,62700,0
293794,4/17/1999,OH,250/500,2000,1440.68,0,25000,0
868283,2/6/2006,IN,250/500,1000,1086.21,0,68500,-57500
828890,10/20/1993,OH,100/300,2000,1367.68,0,0,0
882920,1/1/2006,OH,500/1000,1000,1215.85,0,42900,-90200
918777,4/4/2003,IL,250/500,2000,1191.19,4000000,29300,0
212580,7/5/2014,IL,500/1000,1000,1594.45,0,0,0
602410,1/16/1996,IN,250/500,2000,1463.07,0,0,0
976971,4/19/2002,OH,250/500,500,1734.09,0,0,0
630226,12/10/2005,IL,250/500,500,1411.43,0,45100,-32800
171254,11/7/1994,OH,100/300,2000,1512.58,0,47600,0
247116,6/2/2012,IL,250/500,2000,1153.35,0,0,0
505969,4/7/1998,OH,250/500,500,1722.95,0,63100,-13800
653864,4/25/2007,IN,250/500,2000,1281.07,7000000,0,0
586367,6/30/2000,IL,100/300,500,1011.92,0,0,0
896890,6/4/1996,IL,250/500,2000,1042.26,0,0,0
650026,5/9/2009,OH,500/1000,500,1235.1,0,66400,-34400
547744,7/8/2001,OH,100/300,2000,768.91,0,0,-39300
598124,9/20/1993,OH,500/1000,500,1301.72,0,0,0
436126,11/3/2009,IN,250/500,500,1451.54,3000000,0,0
739447,12/10/2014,IN,250/500,500,767.14,0,25500,-36700
427484,1/8/1994,OH,250/500,2000,1620.89,0,0,0
218684,8/5/2006,IN,500/1000,2000,1048.46,0,59900,0
565564,2/7/2007,OH,100/300,1000,1538.26,6000000,62200,-31400
743163,4/9/2001,OH,500/1000,2000,1217.69,0,24000,0
604614,2/17/1995,IN,100/300,2000,1362.64,5000000,0,0
509928,7/25/1995,OH,100/300,1000,1279.13,0,0,0
593390,3/24/2006,IL,100/300,2000,924.72,0,0,0
970607,3/28/1995,OH,250/500,1000,1019.44,0,0,-39700
174701,6/19/1996,IL,500/1000,500,1314.6,0,24800,0
529398,6/16/1993,OH,100/300,1000,1515.18,6000000,0,0
940942,7/11/2001,OH,250/500,2000,1649.18,0,0,-58600
442677,11/22/2008,OH,250/500,500,1451.01,0,47800,0
365364,12/28/2002,IL,500/1000,1000,978.46,0,0,0
114839,1/1/2006,IL,250/500,500,1198.34,4000000,53000,-72500
872734,5/19/1990,IN,100/300,2000,1003.23,0,0,0
267885,8/26/2013,IN,500/1000,2000,1212,0,24400,-60500
740505,10/12/1997,IL,250/500,1000,1242.96,7000000,0,-37100
629663,1/21/2002,IL,500/1000,1000,1053.02,0,0,0
839884,9/2/1996,IL,100/300,500,1693.63,0,0,-64000
241562,1/28/2010,IL,250/500,1000,2047.59,0,0,-67800
405533,10/3/2014,OH,100/300,1000,1083.72,0,65600,-68200
667021,5/2/2007,OH,500/1000,1000,1138.42,6000000,36900,-55000
511621,9/22/1990,IN,250/500,500,1072.62,0,39900,-60200
476923,9/19/2004,IL,100/300,2000,1219.04,0,63600,-68700
735822,8/28/1995,IN,100/300,2000,1371.78,0,0,-32500
492745,2/4/2004,IN,100/300,2000,1506.21,0,0,-24400
130930,7/23/2014,IN,100/300,1000,1058.21,3000000,0,0
261119,3/21/1997,IL,500/1000,2000,932.14,0,40600,0
280709,5/6/1991,OH,500/1000,2000,1608.34,0,33300,-10600
898573,8/7/1992,IN,500/1000,1000,1728.56,0,54000,0
547802,9/3/2013,IL,250/500,1000,1518.46,0,0,0
600845,1/5/2012,IL,100/300,2000,1540.19,0,0,-74500
390381,1/27/2007,OH,500/1000,2000,965.21,0,36900,-53700
629918,10/14/2005,IL,100/300,2000,1278.75,0,53200,-53800
208298,11/3/1990,OH,250/500,1000,773.99,0,0,-70300
513099,10/15/2005,IN,500/1000,1000,1532.47,0,60300,-24700
184938,5/22/1999,IL,250/500,1000,1340.56,0,0,0
187775,12/21/2002,OH,100/300,500,1297.75,4000000,0,-41400
326322,2/10/2007,IL,250/500,1000,433.33,0,25900,0
146138,3/1/2002,IN,250/500,2000,1025.54,0,0,-52600
336047,4/21/2003,OH,250/500,500,1264.77,0,47500,-32500
532330,9/22/2002,OH,250/500,500,1459.97,5000000,0,0
118137,2/10/1998,OH,100/300,500,1238.65,0,0,-44600
212674,9/1/1992,OH,250/500,500,1050.76,0,41500,-70200
935596,5/1/1999,OH,500/1000,1000,1711.72,0,0,0
737593,12/19/1997,IL,100/300,500,865.33,7000000,0,0
812025,6/18/2000,IL,250/500,500,1153.49,0,0,0
168151,4/24/1995,OH,500/1000,2000,1281.25,0,0,0
594739,6/16/2006,IL,100/300,500,1342.8,0,0,0
843227,9/28/2007,OH,250/500,2000,1443.32,0,0,0
283925,11/21/1991,OH,250/500,1000,1629.94,0,0,-47100
475588,9/21/1996,IL,100/300,2000,1134.08,0,0,0
751905,5/16/2001,OH,250/500,500,1483.91,8000000,0,-33600
226725,8/11/1999,IN,500/1000,2000,1304.67,7000000,0,-45000
942504,6/16/2003,IL,500/1000,2000,1035.79,0,44400,-51500
395572,3/30/1999,IL,250/500,500,1401.2,0,51500,0
889883,2/3/1999,IL,250/500,1000,1665.45,0,34400,-33100
818167,8/25/2011,IN,500/1000,2000,653.66,0,52100,-46900
277767,6/28/2010,OH,100/300,500,1080.13,0,0,-61000
842618,11/6/2001,IN,100/300,2000,1346.18,0,57800,-53300
577810,4/15/2013,OH,250/500,2000,1589.54,0,55400,0
873114,12/7/1995,IL,100/300,1000,1251.65,0,71200,0
994538,11/1/1991,IL,100/300,2000,1083.01,0,91900,0
727792,5/19/2014,OH,100/300,500,974.59,0,62800,0
522506,3/15/1992,IL,500/1000,2000,1399.85,0,49900,-19800
367595,2/3/2006,IN,500/1000,500,1307.74,0,0,-75700
586104,3/16/2003,IN,250/500,2000,1219.27,0,53100,-63400
424862,10/16/2002,OH,100/300,500,1411.3,0,55600,0
512813,1/27/1990,IL,100/300,2000,694.45,0,0,0
356768,3/11/2010,IL,100/300,500,1006.77,6000000,0,0
330506,9/19/1995,OH,250/500,1000,1422.36,0,0,-83900
779075,2/27/2010,IN,100/300,1000,1348.32,0,37600,-37600
799501,12/28/1991,OH,250/500,2000,1315.56,0,0,0
987905,4/30/2002,OH,250/500,2000,1407.01,5000000,47400,-27600
967756,4/28/2007,OH,250/500,2000,1388.58,0,0,-49400
830414,7/8/1996,IL,500/1000,500,1310.76,0,0,-40900
127313,4/1/2002,IN,100/300,1000,1004.63,6000000,26900,0
786957,10/29/2006,OH,100/300,500,1134.91,0,68700,0
332892,10/25/2007,IN,250/500,1000,1194,0,0,0
448642,3/28/2001,IN,500/1000,1000,1248.25,4000000,0,-33300
526039,5/4/1995,OH,100/300,500,1338.54,-1000000,0,0
444422,9/28/2011,IL,250/500,2000,782.23,0,64200,-32300
689500,1/28/2003,IL,250/500,2000,1366.9,0,0,-15700
806081,2/1/2011,IL,500/1000,1000,1275.81,0,0,-48300
384618,2/9/1993,IN,250/500,500,1090.65,0,0,-51800
756459,8/5/2005,IN,250/500,500,1326,0,0,-54600
655787,6/17/2006,IL,250/500,2000,972.47,0,0,-58100
419954,12/7/1993,IL,100/300,500,806.31,0,0,0
275092,3/14/2012,IL,500/1000,500,1416.24,0,0,0
515698,8/5/1997,IN,250/500,2000,1097.64,0,27100,0
132871,7/5/2009,IL,100/300,500,947.75,0,0,-39300
714929,11/25/1994,IL,100/300,2000,1018.73,5000000,20000,-82700
297816,2/3/1997,IL,100/300,2000,1400.74,0,34000,-55600
426708,10/9/2009,IL,250/500,500,1155.53,5000000,0,-35200
615047,11/20/2002,IN,250/500,500,1386.93,0,54100,-77600
771236,5/29/1995,OH,100/300,500,915.29,0,82400,-57100
235869,1/22/2011,IL,250/500,500,1239.55,2000000,0,0
931625,10/18/2012,IN,250/500,500,1366.42,0,44000,0
371635,10/13/1991,OH,500/1000,1000,1086.48,6000000,0,-53800
427199,10/1/2010,IL,250/500,2000,1247.87,0,0,-39700
261315,4/10/2013,OH,100/300,2000,1312.75,0,81300,0
582973,6/11/2008,IN,100/300,2000,765.64,0,0,-22200
278091,12/4/2013,OH,100/300,2000,1327.41,0,0,-38600
153154,8/21/2010,OH,500/1000,1000,1338.55,0,39000,0
515217,6/18/2010,IL,250/500,2000,1316.63,8000000,43900,0
860497,4/10/1992,IL,500/1000,1000,1286.44,0,0,-39500
351741,2/3/1997,OH,500/1000,1000,1372.18,0,0,0
403737,12/6/1991,IN,500/1000,2000,1447.77,0,39400,-63900
162004,9/19/1995,IL,250/500,500,903.32,0,0,0
740384,10/29/1993,IN,500/1000,1000,1454.42,0,51600,-73900
876714,11/3/1991,IL,100/300,2000,1603.42,0,61600,-30200
951543,7/9/2002,IN,250/500,2000,1616.58,0,58500,-46800
576723,12/7/1999,IL,250/500,500,1611.83,0,0,0
391003,7/1/2005,OH,500/1000,500,889.13,0,0,0
225865,11/4/1991,IL,250/500,1000,1252.08,0,0,0
984948,4/14/1993,IL,500/1000,2000,995.56,0,0,-65400
890328,8/23/2009,IL,100/300,2000,1347.92,0,0,-42100
803294,6/18/1993,IN,100/300,1000,1724.09,0,0,0
414913,7/17/2012,IN,250/500,500,1379.93,0,0,0
414519,1/25/1999,IN,250/500,1000,1554.64,4000000,0,-27900
818413,2/23/1990,OH,500/1000,1000,1377.94,0,0,0
487356,8/30/2000,IL,500/1000,2000,1313.33,0,53500,-73600
159768,9/3/2008,IN,250/500,500,1259.02,0,67000,-53600
865839,8/2/1991,IL,500/1000,1000,1371.88,0,0,0
406567,9/25/2001,OH,100/300,500,1399.27,6000000,38900,-48700
623032,3/11/2007,IL,500/1000,1000,1061.98,6000000,0,0
935442,11/20/2010,OH,250/500,500,1365.46,4000000,0,-56600
106873,8/28/1998,IL,500/1000,1000,894.4,0,0,-53700
563878,7/16/2002,IN,250/500,500,956.69,0,39600,-64300
620855,4/29/1990,IN,500/1000,2000,1123.89,0,35400,-49200
583169,2/1/1998,IL,100/300,500,1085.03,0,0,-61000
337677,7/20/2008,OH,100/300,2000,1437.33,0,25000,0
445973,11/13/1998,IL,250/500,1000,988.29,0,0,0
156694,5/24/2001,IL,500/1000,500,1238.89,0,0,0
421940,6/3/2014,IN,100/300,1000,1384.64,5000000,0,0
613226,8/22/1991,IN,100/300,2000,1595.07,0,75800,0
804410,12/12/1998,OH,250/500,1000,1127.89,6000000,67400,-43800
553565,2/18/1999,IN,500/1000,2000,929.7,6000000,46400,-74300
399524,10/30/1997,IL,100/300,1000,1829.63,0,56700,0
331595,11/29/1999,IL,100/300,1000,904.7,7000000,68600,-22300
380067,7/7/2013,OH,500/1000,1000,1243.84,0,47900,-73400
701521,7/5/2003,IL,500/1000,2000,1030.95,0,47200,0
360770,9/21/2005,IN,100/300,500,1285.03,3000000,0,-41500
958785,2/18/1995,OH,100/300,500,1216.56,0,67400,-83200
797934,4/7/1999,IN,500/1000,2000,966.26,0,56400,-32800
883980,12/13/2014,OH,100/300,500,1203.17,0,56700,-65600
340614,6/1/1997,IL,250/500,2000,1212.12,0,65600,0
435784,7/13/2013,OH,250/500,1000,1573.93,0,30400,0
563837,12/30/2002,IL,100/300,1000,1609.67,0,0,-13200
200827,2/28/1997,OH,500/1000,500,1097.57,0,0,0
533941,6/18/1998,IN,250/500,2000,1618.65,2000000,0,-42600
265026,2/8/1996,IN,100/300,500,922.67,0,47400,0
354481,11/17/2004,IN,100/300,1000,1342.02,0,0,0
566720,10/25/2012,OH,100/300,500,1195.01,0,60700,-54300
832746,4/13/2006,OH,500/1000,1000,994.74,0,0,-55300
386690,2/21/2006,IN,100/300,1000,1050.24,0,30700,0
979285,12/17/2003,IL,250/500,2000,1313.51,7000000,68500,0
594722,7/31/1999,OH,500/1000,2000,1102.29,0,73000,-37900
216738,8/5/2014,IN,250/500,1000,1185.78,0,0,-60700
369048,6/5/2011,IL,500/1000,500,1527.95,0,69400,0
514424,10/11/1992,IN,100/300,1000,1366.39,0,0,-22400
954191,2/17/2010,OH,500/1000,1000,1403.9,0,0,0
150181,5/6/2007,IL,500/1000,2000,927.23,0,51500,0
388671,5/1/1997,OH,250/500,2000,1554.86,6000000,59000,0
457244,1/28/1998,IL,500/1000,2000,736.07,6000000,45700,0
206667,5/5/1993,IL,250/500,1000,974.16,6000000,0,-56800
745200,8/6/1994,OH,500/1000,500,973.8,0,0,-85900
412703,11/14/2014,OH,100/300,2000,1260.32,6000000,0,-79800
736771,12/14/1991,IN,100/300,1000,1464.03,0,0,0
347984,10/21/2009,OH,100/300,2000,617.11,0,0,-54100
626074,9/29/1997,IN,250/500,2000,1724.46,6000000,81800,0
218109,12/31/2003,IL,500/1000,500,1161.31,0,64800,-24300
999435,1/1/2008,OH,250/500,2000,1091.73,0,36100,-42300
858060,5/31/2004,IL,250/500,2000,1209.07,0,0,0
500384,12/18/2013,IL,250/500,2000,1241.04,0,0,0
903785,8/24/2000,OH,500/1000,500,1757.21,0,46400,0
873859,10/14/1992,OH,250/500,1000,802.24,0,0,-62500
204294,11/16/1991,IN,500/1000,1000,1342.72,0,0,-45300
467106,10/8/1995,OH,100/300,2000,1209.41,5000000,0,0
357713,10/28/2007,OH,500/1000,1000,1141.71,2000000,36700,-73400
890026,5/16/2008,IL,100/300,500,1090.03,0,0,-51000
751612,6/22/2009,IN,250/500,1000,1464.73,3000000,54900,-36700
876680,5/10/2012,OH,100/300,1000,1118.58,0,0,-36600
756981,10/2/2003,OH,250/500,2000,1117.04,0,0,-42700
121439,8/2/1990,IN,500/1000,500,1257.83,7000000,40700,-41600
411289,9/16/1997,OH,250/500,2000,1082.72,0,61400,-57500
538466,7/29/1995,IN,100/300,1000,1191.8,6000000,55600,0
932097,9/6/2005,IN,100/300,1000,1242.02,0,0,-28800
463727,8/5/1992,OH,250/500,500,1075.71,0,0,-47400
552618,1/22/1993,IN,100/300,1000,969.88,6000000,0,0
936638,5/20/1995,OH,250/500,2000,1459.93,0,0,0
348814,9/24/1992,IL,500/1000,1000,1245.61,0,0,0
944102,7/20/2007,IN,100/300,2000,1462.76,0,69200,-36900
689901,4/28/1992,IN,100/300,2000,1398.46,0,0,0
901083,1/19/1998,OH,500/1000,1000,1269.64,0,48800,0
396224,9/8/2009,IN,100/300,500,1455.65,4000000,0,-66300
682178,12/18/1994,OH,500/1000,2000,1140.31,0,29300,-64700
596298,8/23/1996,IN,500/1000,500,1330.46,0,54800,-64100
253005,11/20/1991,OH,250/500,2000,1190.6,0,0,-45300
985924,10/28/1998,OH,250/500,500,972.5,0,0,0
631565,7/14/1997,IN,100/300,2000,1161.91,0,0,-50400
630998,4/9/2003,OH,250/500,1000,1117.17,0,0,-29900
926665,2/4/1992,OH,250/500,2000,1101.51,0,64000,0
302669,6/29/2006,IL,100/300,1000,1523.17,0,0,0
620020,6/21/1997,OH,500/1000,1000,984.45,0,0,0
439828,9/7/2006,OH,500/1000,2000,1257,4000000,63900,-43700
971295,10/1/2001,OH,500/1000,500,1434.51,0,0,0
165565,2/20/2009,OH,250/500,2000,1628,0,0,0
936543,6/26/2001,IN,500/1000,500,1412.31,0,0,0
296960,1/18/1997,IL,250/500,500,1362.87,5000000,56900,-56900
501692,6/24/2014,IN,100/300,1000,1134.68,0,0,0
525224,10/2/1992,IN,250/500,1000,1306.78,0,0,0
355085,10/9/2012,IN,500/1000,500,1021.9,0,0,0
830729,2/10/1993,IN,100/300,1000,1538.6,0,0,-54700
651948,9/28/1994,IN,500/1000,1000,1354.5,0,52800,0
424358,5/24/2003,OH,500/1000,500,1282.93,0,0,0
131478,12/25/1991,IL,500/1000,1000,1346.27,0,44900,-91400
268833,9/18/1999,IN,100/300,1000,1338.4,4000000,63600,0
287489,2/3/1994,IL,100/300,1000,949.44,0,0,-38400
808153,1/18/2003,IN,500/1000,2000,977.4,0,82200,0
687639,3/7/2005,IN,250/500,2000,1181.46,10000000,0,-67400
497347,8/23/2003,OH,500/1000,500,1187.53,0,83200,-53300
439660,7/11/2002,OH,100/300,1000,845.16,0,0,0
847123,3/19/2014,IL,100/300,500,1442.27,0,67900,0
172307,12/6/1993,OH,100/300,2000,1276.43,0,0,0
810189,8/29/1999,OH,250/500,500,1075.41,0,55200,0
432068,3/9/2007,IL,100/300,500,1111.72,0,54600,0
903203,1/3/2004,OH,500/1000,2000,814.96,6000000,68500,0
253085,4/25/1991,IL,500/1000,1000,1575.86,0,0,0
180720,3/14/1995,IN,250/500,1000,1115.27,0,0,-66000
492224,12/9/2005,IN,500/1000,2000,1175.7,0,0,0
411477,12/25/2001,OH,100/300,500,793.15,0,54600,-45500
107181,11/14/1999,IN,250/500,500,942.51,0,0,0
312940,10/27/2001,IN,500/1000,1000,1056.71,0,77900,0
855186,10/31/1993,IN,500/1000,2000,1255.68,6000000,23600,-15600
373935,2/13/2003,IN,500/1000,500,1335.13,0,44000,-71000
812989,3/6/2004,IN,250/500,500,1178.95,6000000,0,-67300
993840,7/12/2013,IL,250/500,500,1793.16,0,0,0
327856,8/27/2014,OH,100/300,500,1008.38,0,37900,0
506333,6/22/1990,IL,100/300,500,1396.83,0,0,0
263159,3/7/2008,OH,100/300,500,1402.78,5000000,70300,-50300
372912,8/5/1992,IN,100/300,1000,1437.88,0,42800,-51200
552788,9/3/1991,IL,500/1000,1000,1313.64,0,12100,0
722747,9/2/2011,IL,250/500,500,1482.14,0,33000,-43600
248467,10/6/2012,IL,250/500,2000,1171.75,0,46500,-42700
955953,1/18/2014,IL,500/1000,2000,1353.33,0,0,-8500
910622,3/22/1992,IN,100/300,500,1175.51,0,0,0
137675,12/3/2012,IL,100/300,2000,1836.02,0,38000,-41200
343421,10/18/1996,OH,500/1000,500,1480.79,9000000,0,-12100
413192,10/2/1997,IN,500/1000,2000,1453.92,0,51700,0
247801,3/18/2008,OH,250/500,500,1340.71,0,0,0
171147,8/29/2010,IL,100/300,2000,714.03,0,0,-17000
431283,3/31/2005,IL,100/300,2000,1376.16,0,38600,-50300
461962,12/25/2013,IL,100/300,500,914.22,0,37900,-72900
149467,3/11/2014,OH,500/1000,1000,1601.47,0,64400,0
758740,8/4/1997,IL,500/1000,1000,1096.79,6000000,45500,-60600
628337,11/14/2007,IN,100/300,2000,1078.22,0,54500,0
574637,7/30/1992,IL,250/500,1000,1595.28,0,0,0
373600,12/1/2000,OH,100/300,1000,1217.84,5000000,49600,0
930032,9/10/2002,IL,100/300,2000,1117.42,0,0,-51900
396590,11/7/1997,OH,100/300,2000,1567.37,0,62500,0
238412,5/18/1993,IL,500/1000,2000,1294.93,6000000,38000,-50300
484321,7/11/1996,IL,250/500,1000,1152.12,0,0,-62400
795847,12/17/1995,IL,100/300,1000,1441.21,0,0,0
218456,7/16/2002,IL,500/1000,1000,1575.74,7000000,0,-68900
792673,4/12/2013,OH,500/1000,2000,1233.96,0,34500,-60600
662256,11/13/1995,IL,250/500,1000,1861.43,0,60400,-67800
971338,11/4/2004,OH,100/300,1000,1570.86,0,66000,0
714738,3/21/1998,IL,500/1000,2000,791.47,0,0,0
753844,7/22/1999,IN,250/500,1000,1012.78,0,43700,0
976645,2/28/2010,IL,100/300,500,1047.06,6000000,0,0
918037,1/30/2005,OH,250/500,1000,1390.29,0,0,-41200
996253,11/29/2001,IN,500/1000,500,951.46,0,0,-35500
373731,12/24/2012,IL,100/300,1000,1226.78,0,49600,-49200
836272,5/11/1997,OH,100/300,500,1280.9,0,48900,-40900
167231,1/26/1994,IN,100/300,2000,1472.77,0,0,-31700
743330,11/4/2010,OH,500/1000,1000,1878.44,0,0,-76000
807369,6/19/1992,IN,500/1000,500,1418.5,0,0,0
735307,6/2/2010,IL,100/300,500,1532.8,0,0,0
789208,10/12/2002,OH,250/500,500,1304.35,0,0,0
585324,2/25/2008,OH,500/1000,2000,1551.61,0,45000,-30400
498759,9/5/1996,IL,100/300,1000,1326.98,6000000,64200,0
795004,3/16/1998,OH,250/500,500,862.92,0,0,-71700
203250,4/22/2010,IN,100/300,2000,1331.69,0,0,0
430794,1/25/2008,OH,250/500,2000,1486.04,0,0,-56200
156636,9/10/2000,IN,100/300,1000,870.55,0,0,-49400
284143,4/23/2008,IL,500/1000,2000,1344.56,6000000,0,-39100
740518,2/18/2011,OH,500/1000,1000,1377.04,0,61400,-41100
445289,4/24/2012,IL,250/500,500,1237.88,0,0,-46900
599262,9/25/2001,IN,100/300,1000,1525.86,0,0,0
357949,5/24/2006,OH,500/1000,500,854.58,0,52200,0
493161,1/30/1992,IN,250/500,1000,770.76,0,0,-53700
320251,1/24/2009,IL,100/300,2000,1132.74,0,0,-37500
231127,8/29/1995,IL,500/1000,500,1173.37,8000000,0,-42700
766193,7/31/2011,OH,100/300,2000,1188.28,6000000,0,-53800
555374,1/5/2013,IL,100/300,1000,876.88,6000000,0,0
491484,11/18/1994,IL,500/1000,1000,1143.95,0,51400,0
925128,8/30/2014,IL,100/300,2000,1409.06,0,74200,-68100
265093,1/1/2006,IN,500/1000,1000,1070.63,0,0,0
267808,9/10/1998,IL,500/1000,2000,916.13,0,55300,-58400
116735,1/28/2010,OH,250/500,500,1191.5,0,38600,-52900
963680,1/4/2003,OH,500/1000,1000,1474.66,0,0,-46200
445694,5/24/2004,IL,250/500,1000,1193.45,0,0,0
215534,9/12/1994,IL,250/500,1000,1437.53,0,0,0
232854,7/7/1997,IL,100/300,2000,1304.83,0,0,0
168260,3/1/1991,OH,250/500,1000,1168.8,0,0,-42400
538955,9/29/2001,IN,100/300,1000,1164.97,0,43000,-42500
243226,1/10/2012,IL,250/500,1000,1232.72,0,87800,-51200
246435,7/5/2001,IL,250/500,2000,1800.76,0,0,-78600
582480,8/7/1991,IL,500/1000,500,1187.01,7000000,46300,-33000
345539,7/24/2012,IN,100/300,1000,1559.34,0,0,-51600
924318,7/27/2014,IL,250/500,2000,1137.02,0,31500,0
726880,8/8/1994,IN,100/300,1000,1281.72,0,33500,-49500
190588,12/9/2001,OH,100/300,1000,796.35,0,72400,-77000
246705,3/14/1990,OH,250/500,500,1270.02,0,0,-45800
619589,3/28/2006,IL,100/300,1000,1383.13,0,46700,0
164988,12/23/2013,IL,100/300,2000,1290.74,5000000,58300,0
729534,9/30/1991,IN,100/300,1000,1216.68,0,55100,0
505014,12/27/2001,IL,100/300,500,1251.16,0,41400,0
920826,4/7/2005,IN,250/500,2000,1586.41,0,33500,-58900
534982,4/8/2003,IL,500/1000,2000,1526.11,5000000,0,0
110408,11/14/2005,IN,100/300,1000,1028.44,0,0,0
283052,1/7/2005,IL,100/300,1000,1555.94,0,23300,0
840806,2/14/1994,IN,500/1000,2000,1570.77,0,98800,-65300
382394,1/23/1996,OH,100/300,2000,1170.53,0,65000,-49200
876699,12/12/1999,OH,250/500,1000,1099.95,0,0,-71900
871432,7/15/2004,IL,250/500,2000,1472.43,0,0,-90600
379882,11/7/2012,IL,250/500,500,1275.62,0,0,-56200
852002,6/29/2009,IL,250/500,1000,1292.3,0,47600,0
372891,6/26/2000,IN,250/500,2000,1009.37,0,45400,-39400
689034,1/9/2002,OH,500/1000,500,1093.07,4000000,27700,-72400
743092,11/11/2013,OH,250/500,1000,1325.44,7000000,51400,-6300
599174,1/14/2008,IL,100/300,2000,1017.18,0,0,0
421092,3/4/2003,OH,100/300,1000,1221.17,0,49300,0
349658,6/7/1994,IN,100/300,500,1927.87,0,0,0
811042,7/4/2013,IN,250/500,1000,978.27,0,65700,0
505316,6/30/2002,IN,100/300,2000,1221.14,0,48100,0
116645,6/30/2004,OH,100/300,2000,1255.62,0,0,0
950880,12/19/1998,IN,250/500,500,999.52,0,0,0
788502,8/31/2014,OH,250/500,500,1380.89,0,30000,-53000
627486,11/10/2005,IN,500/1000,500,1010.77,0,52300,-55600
498842,5/4/2000,OH,100/300,500,1205.86,0,0,-34600
550294,11/26/2001,IL,500/1000,1000,1526.61,0,0,-32900
328387,5/6/2014,IL,100/300,1000,1496.44,0,0,0
540152,1/27/1991,IL,100/300,500,1256.2,0,0,0
385932,4/28/1992,IL,100/300,500,1268.35,0,0,0
618682,3/4/2000,IN,500/1000,2000,1421.59,0,0,0
550930,10/12/1995,IL,500/1000,500,1500.04,6000000,0,-36500
998192,4/25/2014,IL,100/300,500,1433.24,0,0,-19500
663938,1/26/2011,IN,100/300,2000,1231.25,0,46500,0
756870,1/26/1996,IN,500/1000,500,1135.43,0,22700,0
337158,4/8/1991,OH,250/500,2000,945.73,5000000,38600,-42800
919875,6/29/2002,IN,100/300,2000,1118.76,0,0,-55800
315631,4/9/1999,IN,500/1000,2000,1231.98,0,0,-31700
113464,4/19/2009,IN,500/1000,2000,1005.47,0,58100,-49000
556415,8/22/1991,OH,100/300,2000,1108.97,0,68400,-66800
250249,11/28/1991,IN,100/300,500,1392.39,5000000,0,-65700
403776,4/27/2012,IN,100/300,2000,1317.97,0,34700,-81000
396002,3/4/2007,IN,250/500,1000,1588.22,0,0,-53800
976908,12/31/2012,IL,250/500,500,900.02,6000000,0,-49900
509489,12/21/2013,OH,100/300,1000,1744.64,3000000,0,0
485295,4/28/2005,OH,250/500,1000,1260.56,0,0,-54900
361829,9/17/1994,OH,500/1000,2000,1021.14,0,69500,-47700
603632,8/16/2003,OH,250/500,2000,1285.09,0,48000,-79600
783494,9/2/2014,OH,100/300,500,1537.07,3000000,0,0
439049,12/12/2011,IN,100/300,1000,1022.42,0,50000,-56900
502634,8/17/1991,OH,100/300,2000,1558.86,0,51100,-75100
378588,2/29/2004,OH,500/1000,500,1757.87,0,71400,0
794731,2/22/2015,IN,250/500,1000,973.5,0,50400,0
641934,12/25/2013,OH,500/1000,500,1430.8,0,0,0
113516,10/13/1990,IL,500/1000,500,1192.27,0,0,-40200
425631,7/5/2014,IL,250/500,500,1163.83,0,37700,0
542245,11/25/1991,OH,500/1000,1000,1003.15,0,0,-38500
512894,10/2/1990,OH,250/500,2000,1153.54,6000000,0,-57000
633090,2/17/2009,IL,100/300,1000,1631.1,0,0,0
464234,7/17/2005,IL,500/1000,1000,1252.48,0,0,-55800
290162,3/12/1994,IN,100/300,1000,1677.26,0,40100,0
638155,8/3/1994,IL,250/500,1000,979.73,0,51700,0
911429,8/25/2012,IN,250/500,500,989.24,0,0,0
106186,12/2/2011,IL,500/1000,1000,1389.86,0,0,0
311783,2/25/2005,OH,100/300,500,1233.85,0,0,0
528385,11/7/1997,IL,500/1000,500,1320.39,0,0,0
228403,4/20/2004,IN,100/300,1000,1435.09,0,36600,0
209177,11/17/2009,IN,500/1000,500,1448.54,0,58600,0
497929,9/19/2009,OH,250/500,500,1733.56,0,0,-43800
735844,11/8/2009,IN,100/300,500,1533.07,0,0,-28800
710741,9/12/2001,IL,100/300,500,1106.77,0,45500,-62500
276804,11/27/1992,IL,100/300,500,995.7,5000000,0,0
507545,12/7/1998,IL,250/500,1000,1298.85,6000000,71300,-70300
485642,8/25/1990,OH,250/500,1000,1276.73,5000000,0,0
796375,10/22/2011,OH,250/500,2000,1202.28,0,0,-61400
171183,2/1/1990,IN,100/300,500,671.92,0,0,-26400
110084,11/27/1990,IL,250/500,1000,1358.03,0,59300,-31400
714784,7/16/2004,IN,250/500,1000,1008.79,4000000,46000,0
143924,12/10/1993,OH,100/300,1000,1141.1,0,0,0
996850,3/8/1995,OH,100/300,1000,1397,0,0,0
284834,8/3/2009,OH,500/1000,1000,1664.66,0,0,-66200
830878,11/3/1996,IN,250/500,1000,1151.39,4000000,0,-63900
270208,8/9/2004,OH,100/300,2000,1546.01,0,0,0
407958,7/20/1991,IL,250/500,500,1063.67,0,0,0
832300,1/14/2005,IN,100/300,1000,709.14,0,0,0
927205,12/16/2011,IL,250/500,500,1039.55,0,55600,-59700
655356,7/7/1996,IL,250/500,500,1339.39,0,0,0
831053,8/5/1992,IN,250/500,1000,1202.75,0,57900,-90100
432740,10/9/1990,IL,100/300,2000,1081.17,0,0,-65200
893853,2/27/1994,IL,250/500,500,991.39,0,45600,-61400
594988,5/6/2007,IN,500/1000,500,984.02,0,75800,0
979544,4/21/2014,IL,100/300,500,1354.83,0,66300,0
191891,2/11/2010,OH,100/300,1000,830.31,0,0,-32600
831479,6/4/2000,IL,100/300,2000,987.42,7000000,0,0
714346,10/5/1991,OH,500/1000,500,1119.29,0,0,0
326289,1/3/2004,OH,100/300,500,1048.39,0,0,0
944537,7/23/1992,OH,500/1000,1000,1074.47,0,0,0
779156,10/10/1993,IL,500/1000,1000,1230.76,0,0,-74200
856153,7/9/2002,OH,500/1000,500,1255.02,0,58200,0
473338,11/14/2010,IN,100/300,1000,1555.52,0,43600,-67800
521694,3/3/1997,IL,100/300,2000,836.11,5000000,0,0
136520,3/1/1997,IN,100/300,500,1450.98,0,43700,0
730819,8/18/1990,IN,250/500,2000,625.08,0,44200,-37000
912665,5/28/2014,IL,100/300,2000,1133.27,0,0,-56400
469966,7/22/2004,IN,500/1000,500,1366.6,0,0,0
952300,8/2/2009,OH,500/1000,1000,1439.9,6000000,0,-48400
322609,7/5/2007,OH,500/1000,1000,1230.69,0,0,-54600
890280,1/24/2010,OH,100/300,2000,1307.68,0,0,-48500
431583,5/15/2000,IL,500/1000,2000,1124.69,0,0,0
155912,3/21/2008,OH,100/300,1000,1520.78,0,0,-42900
110143,5/7/1990,OH,100/300,2000,1609.11,0,0,0
808544,2/5/1991,IL,500/1000,1000,1358.91,0,0,0
409074,3/19/1992,OH,500/1000,500,1295.87,0,0,0
824728,4/24/2013,IL,250/500,500,1161.03,5000000,45300,0
606037,4/10/2009,OH,500/1000,2000,1441.06,0,53800,-78300
636843,12/1/2008,OH,100/300,1000,1097.99,0,44400,-71500
111874,7/5/2000,IL,500/1000,1000,1464.42,0,79900,0
439844,6/11/2014,IL,250/500,500,1543.68,0,20200,0
463513,4/23/1995,IL,250/500,500,1390.89,5000000,0,-74400
577858,9/16/1990,OH,100/300,2000,1148.58,0,0,-71200
607351,12/11/1998,IN,250/500,500,1616.26,0,50700,-57600
682754,10/9/1995,IL,500/1000,500,1398.94,0,0,0
757352,12/21/1999,OH,500/1000,1000,1238.92,0,57800,-53700
307469,7/28/2002,IL,100/300,1000,968.46,0,50800,-66200
526296,8/3/1993,IL,100/300,500,1045.12,0,0,-28300
658816,12/16/2007,IN,100/300,1000,1537.33,0,0,-74800
913337,2/10/2008,OH,500/1000,500,912.3,0,58500,-44000
488464,10/1/2006,OH,100/300,2000,1007.28,6000000,0,0
480094,3/9/2003,IN,500/1000,1000,1189.98,4000000,0,-54700
263108,5/29/2003,OH,250/500,1000,1576.41,0,0,-55100
298412,5/6/2002,OH,100/300,500,1172.82,4000000,82100,0
261905,2/28/2004,IL,500/1000,500,1312.22,9000000,0,-33300
674485,1/14/1999,OH,500/1000,1000,671.01,7000000,42900,-61500
223404,1/23/2002,IL,250/500,500,895.14,0,52600,-30400
991480,12/9/1992,IN,100/300,2000,1373.21,0,42700,-64900
804219,6/24/1998,OH,250/500,1000,1625.65,0,0,0
483088,1/6/2011,OH,250/500,2000,1295.63,4000000,42200,-33800
100804,2/24/2012,IL,100/300,1000,1459.96,6000000,41300,-42000
941807,6/25/2011,OH,100/300,500,1219.94,7000000,0,-51000
593466,11/21/2006,OH,500/1000,500,1064.49,5000000,73500,-43300
437442,6/27/2008,IL,100/300,1000,959.83,0,0,-38700
942106,8/30/1993,OH,250/500,2000,1767.02,0,0,-49300
794951,4/21/2008,IN,500/1000,500,1285.01,0,0,-39800
182450,6/23/2000,OH,500/1000,2000,1422.95,0,0,0
730973,1/11/2010,IN,100/300,2000,1223.39,0,0,0
687755,3/28/1990,IL,500/1000,2000,1539.06,0,37800,0
757644,1/29/1998,IN,100/300,2000,988.06,0,0,0
998865,12/5/2014,IL,500/1000,1000,1740.57,0,0,-18600
944953,12/7/1995,OH,250/500,1000,1540.91,7000000,40900,0
386429,5/27/2002,IL,250/500,500,1381.88,5000000,0,-77800
108270,8/9/2002,OH,100/300,500,1446.98,0,0,-45700
205134,12/2/2012,IN,500/1000,500,1220.86,0,55400,-40400
749325,3/22/2000,IL,500/1000,500,948.1,0,44500,-61400
774303,4/13/2002,OH,100/300,500,1471.24,0,57500,-93600
698470,6/17/2008,IN,100/300,2000,1157.97,0,0,-64500
719989,4/7/1994,IL,250/500,2000,566.11,5000000,0,0
309323,2/29/1992,OH,500/1000,500,1060.88,0,0,-66500
444035,5/11/1996,OH,250/500,1000,1524.45,4000000,0,-44800
431478,4/3/2013,IN,250/500,1000,1556.17,0,63900,-53300
797634,11/12/2009,OH,500/1000,500,1216.24,0,26700,-47200
284836,11/5/2008,IN,250/500,500,1484.72,5000000,0,0
238196,2/15/1993,IL,250/500,500,1203.81,0,52500,-51300
885789,7/21/2008,IN,250/500,1000,1393.34,0,0,-61400
287436,9/11/2010,OH,100/300,1000,1484.48,0,50700,-36300
496067,12/22/1995,IL,250/500,500,1581.27,5000000,42200,-48000
206004,9/26/1991,IL,250/500,1000,1281.25,0,0,-53100
153027,3/11/2010,IN,250/500,500,1667.83,0,48500,-67400
469426,7/15/1990,OH,250/500,1000,1497.41,0,14100,-44500
654974,5/10/2009,OH,100/300,500,803.36,0,0,0
943425,10/28/1999,OH,250/500,2000,1221.41,0,46700,-72500
641845,3/30/1995,OH,250/500,500,1865.83,5000000,32800,-50600
794534,12/14/1991,OH,250/500,2000,1434.27,0,0,-35900
357808,1/31/2011,IN,500/1000,500,1114.68,0,44500,-55900
536052,4/21/2006,OH,250/500,2000,1218.56,0,39300,-60300
873384,3/10/2004,IL,250/500,2000,1234.69,9000000,0,0
790225,1/5/1991,OH,250/500,500,964.92,0,45700,0
587498,10/15/1996,IL,500/1000,500,1351.72,0,0,-49400
639027,6/21/1994,IL,250/500,1000,817.28,0,62200,0
217899,6/13/1994,IL,500/1000,1000,1389.59,0,0,-42600
589094,5/27/2003,IN,250/500,1000,1353.53,0,54700,-47900
458829,7/6/1996,IN,500/1000,1000,1294.04,0,0,0
626208,5/8/2005,OH,100/300,1000,840.81,0,0,0
315041,11/2/2010,OH,100/300,2000,998.19,0,43700,-66300
283267,7/29/2012,OH,100/300,2000,1090.32,0,0,-70400
442494,6/6/2002,IN,500/1000,500,1780.67,0,0,0
159243,9/19/1991,IL,250/500,2000,1681.01,0,0,-51100
669800,6/24/2009,OH,250/500,1000,1395.77,0,82600,-49500
520179,5/29/1992,OH,500/1000,2000,1471.44,5000000,57500,0
607974,8/12/2004,IL,500/1000,500,1265.72,0,0,-59500
465065,12/24/2006,IN,250/500,1000,1274.7,5000000,47500,-58700
369941,7/24/2007,OH,100/300,500,1330.39,0,0,0
447226,8/17/1994,OH,500/1000,500,1122.95,4000000,78000,0
831668,4/10/1996,OH,250/500,2000,1655.79,0,0,0
922937,12/11/1992,IN,250/500,1000,935.77,0,0,-36000
640474,8/1/2010,IN,500/1000,2000,1192.04,0,66100,-31400
153298,3/23/2009,OH,100/300,500,990.11,0,0,-41200
334749,7/29/1996,OH,100/300,2000,1422.21,0,0,-46400
221283,8/23/1994,OH,500/1000,500,914.85,0,72100,0
961496,1/5/1992,IL,250/500,500,1123.84,0,48200,0
804751,9/11/1997,OH,250/500,2000,838.02,0,0,0
369226,2/10/2002,OH,250/500,500,1300.68,0,49000,0
691115,1/28/1993,IN,500/1000,500,1173.21,0,0,0
713172,10/23/1996,IL,250/500,1000,985.97,5000000,0,0
621756,4/21/1997,IN,100/300,1000,1129.23,0,17300,-60400
615116,11/9/2008,IN,250/500,500,1194.83,0,28600,0
947598,6/20/2002,IN,100/300,1000,1114.29,0,51300,0
658002,10/21/2005,OH,250/500,2000,1509.04,0,10000,0
374545,8/28/2005,IN,250/500,500,664.86,0,0,-60000
805806,1/16/2013,IN,250/500,1000,1267.4,6000000,0,0
235097,4/28/1992,IL,100/300,1000,1119.23,0,51500,0
290971,10/10/2005,OH,100/300,500,1698.51,0,0,0
180286,2/8/2009,IL,500/1000,1000,1422.78,0,61600,0
662088,3/6/2005,OH,500/1000,500,1212.75,0,0,-51400
884365,5/17/1994,IN,100/300,1000,1423.34,0,55300,-37900
178081,7/20/1990,IN,250/500,1000,976.37,0,0,-61000
507452,4/17/2005,OH,250/500,500,1124.59,6000000,67300,0
990624,2/10/1994,IN,250/500,1000,1569.33,0,79600,0
892148,3/29/1995,IN,500/1000,500,1359.36,5000000,0,-43600
398683,4/30/2007,IN,250/500,500,1607.36,0,0,0
605100,2/15/2001,IL,100/300,500,1042.25,0,0,-44400
143109,7/9/2001,OH,250/500,500,1453.95,0,38200,0
230223,9/6/2008,IL,500/1000,500,1969.63,0,0,0
769602,12/19/2004,IL,100/300,1000,1156.19,0,49900,-62700
420815,11/15/2000,IL,100/300,2000,1124.47,0,0,-45100
973546,3/14/2007,OH,500/1000,500,1493.5,5000000,39900,-44000
608039,12/28/2004,IL,100/300,500,1155.38,0,34200,-32300
250162,7/5/1999,IL,250/500,500,878.19,0,57100,0
786432,11/15/1997,IN,100/300,2000,1145.85,0,0,-40000
445195,9/27/2010,IN,100/300,500,1261.28,0,68500,-42100
938634,8/30/1993,IL,100/300,500,1427.46,0,0,0
482495,1/29/1998,IL,500/1000,500,1592.41,0,58900,-29100
796005,8/18/2007,OH,250/500,1000,1274.63,0,51000,0
910604,4/14/1992,IN,250/500,500,1362.31,0,67600,-65300
327488,8/9/1993,OH,250/500,1000,919.37,0,83600,0
715202,4/2/1991,OH,250/500,1000,1377.23,0,72600,0
648852,3/15/2007,IL,100/300,1000,995.55,5000000,51500,-52100
516959,5/1/2010,IL,100/300,500,1508.12,6000000,0,0
984456,6/24/2003,IN,500/1000,500,484.67,0,21100,-60800
801331,7/8/1990,IN,500/1000,1000,1561.41,0,21200,0
786103,9/24/1994,OH,100/300,500,1457.21,0,46300,0
684193,6/20/2012,IL,500/1000,1000,1128.71,0,0,-47100
247505,4/19/2006,IL,100/300,500,1358.2,0,52900,0
259792,4/7/1999,IL,100/300,1000,1232.79,0,49900,-62100
185124,12/7/2001,IL,100/300,1000,936.19,0,70600,-48500
760700,11/25/2006,IL,250/500,500,1302.34,0,0,-52600
362407,12/6/1996,IN,100/300,500,1264.99,0,67800,0
389525,7/10/2012,OH,500/1000,500,1467.76,0,38700,-33100
179538,4/7/2014,IN,250/500,2000,1124.43,0,0,0
265437,10/11/2003,IL,250/500,1000,1319.81,0,67200,-59400
266247,1/17/2015,IN,100/300,2000,1482.53,0,49100,-45100
921851,12/7/1992,IN,100/300,1000,1328.18,0,53000,0
488724,11/29/2004,IN,100/300,500,1463.95,0,0,0
192524,1/2/2004,IL,100/300,2000,1133.85,0,60200,0
338070,1/25/2006,IN,500/1000,1000,1037.32,0,0,-15700
865607,4/18/1993,IN,250/500,1000,1562.8,0,42800,-68200
963285,12/9/2006,IN,100/300,1000,1425.79,0,62400,-52300
728491,8/30/1997,OH,500/1000,2000,1615.14,0,67100,0
553436,6/3/1991,IL,250/500,500,1236.5,0,0,-48700
440616,9/6/1995,IL,500/1000,2000,1017.97,0,59900,-34800
463237,2/9/2000,IN,100/300,2000,1306,0,46100,-46900
753452,7/23/1996,IL,500/1000,2000,1174.14,0,50400,-61500
920554,9/21/2005,IN,500/1000,1000,1231.01,0,0,-31700
594783,12/30/2011,IL,250/500,500,1299.18,0,57100,0
725330,7/21/1996,IN,100/300,500,1469.75,0,0,-57600
607259,4/8/1996,OH,250/500,500,1390.72,0,83900,-52100
979336,3/4/2001,IL,500/1000,500,1694.09,7000000,0,0
865201,10/19/2001,OH,100/300,2000,1140.15,0,0,-36800
140977,8/18/2006,IN,100/300,1000,1310.71,0,29300,0
787351,4/28/2013,IL,250/500,2000,1730.49,7000000,46300,-41700
272330,11/29/2009,IN,250/500,500,1616.65,7000000,0,-59500
728025,2/15/1990,IN,100/300,500,1935.85,4000000,49500,-81100
804608,4/12/2002,OH,250/500,1000,855.14,0,37900,0
718829,2/21/1999,OH,250/500,2000,1568.47,4000000,46800,0
482404,6/18/2011,IN,500/1000,2000,1550.53,0,0,-27700
331170,3/26/1995,IL,250/500,2000,1370.92,0,48900,0
753056,5/3/1991,IN,250/500,500,1363.59,0,43200,0
910365,12/19/2001,IN,250/500,1000,828.42,3000000,0,0
379268,8/5/2012,IN,250/500,500,1209.63,0,64800,-44200
362843,8/9/2004,OH,250/500,2000,1111.17,0,35000,0
135400,1/20/2014,IN,500/1000,500,989.97,0,32500,0
798579,12/19/2011,IN,250/500,1000,1114.23,0,0,0
250833,7/28/2008,IN,250/500,2000,1347.31,0,80900,-111100
824116,5/5/1998,IL,250/500,2000,1687.53,0,0,-69600
322613,4/16/1995,IN,250/500,1000,1183.48,0,0,0
871305,2/14/1992,IL,500/1000,2000,1537.13,0,0,-58300
488037,7/11/2007,OH,250/500,1000,1173.25,0,0,-34700
485813,4/7/2010,IN,250/500,1000,1361.16,4000000,0,-63700
886473,3/10/1991,OH,500/1000,2000,1422.56,7000000,26900,-55300
907113,1/20/1996,IL,500/1000,2000,1143.06,0,63100,-54100
833321,3/1/2010,IN,250/500,500,1405.71,0,0,0
521592,6/15/2014,IL,100/300,500,1354.2,0,100500,0
254837,11/25/2004,IN,100/300,500,1055.6,0,69500,-40700
634499,8/26/2000,IL,250/500,1000,999.43,0,25800,0
574707,8/23/2005,IN,250/500,2000,1155.97,0,0,0
476839,8/9/1990,IL,250/500,1000,1726.91,0,0,0
149601,3/28/2003,IN,500/1000,500,1232.57,0,59500,0
630683,10/23/2007,OH,250/500,500,1078.65,0,36800,0
500639,6/27/1996,OH,500/1000,1000,1324.78,0,0,-64500
352120,12/11/1994,IN,250/500,500,1518.54,0,0,0
569245,12/5/1995,IL,100/300,2000,1239.06,0,34900,0
907012,12/15/1996,OH,500/1000,2000,1246.68,0,0,0
700074,6/6/2011,OH,250/500,1000,1622.67,0,0,0
866805,12/13/1995,OH,250/500,500,1082.36,0,0,0
951863,10/28/1997,OH,250/500,1000,1270.55,0,0,-72100
211578,1/4/1996,IL,500/1000,1000,1236.32,5000000,55100,0
357394,5/9/2008,IL,250/500,2000,785.82,0,49700,0
863749,12/5/2009,IN,250/500,500,1265.84,0,52200,-44500
596914,1/5/1992,IN,250/500,500,1508.9,0,0,0
684653,11/15/1997,OH,250/500,2000,1106.84,0,43100,-31900
528259,12/22/2012,IN,500/1000,2000,1389.13,7000000,0,-53200
797636,5/19/1992,IN,100/300,1000,974.84,0,52100,0
326180,5/25/2002,IL,100/300,2000,1304.46,0,51700,-33300
620075,4/21/2010,OH,250/500,500,1257.36,0,0,0
965187,3/26/1990,OH,250/500,500,1257.04,0,0,-48800
516182,5/12/2007,OH,100/300,2000,719.52,0,45800,0
728839,1/2/2001,OH,500/1000,2000,1524.18,0,0,0
771509,8/10/2006,IN,500/1000,500,1395.58,0,0,0
264221,7/28/2014,IL,500/1000,1000,1243.68,0,0,-71400
602704,9/27/2011,OH,500/1000,1000,1189.04,0,59600,0
672416,4/20/2013,IN,500/1000,2000,1375.29,0,0,0
545506,3/20/1991,IN,100/300,500,1389.13,0,63100,-79400
777533,12/21/2002,OH,500/1000,1000,1387.51,0,0,0
953334,12/3/2005,IN,100/300,1000,1178.61,7000000,0,-54400
369781,5/25/2011,IL,250/500,2000,1166.62,6000000,0,0
990998,10/18/2006,IN,100/300,1000,1556.31,0,0,-75000
982678,7/19/2006,OH,250/500,500,1452.27,0,75800,0
646069,6/8/2002,OH,500/1000,1000,1212.07,0,66900,-51800
331683,2/12/2009,OH,100/300,2000,1578.54,0,0,-41400
364055,5/14/2001,IN,500/1000,500,1488.26,0,0,-63500
521854,2/16/2001,IN,250/500,1000,1096.39,0,0,0
737252,11/18/1993,OH,500/1000,2000,1215.36,0,54400,0
344480,2/18/1990,OH,100/300,2000,1482.57,0,35000,0
898519,5/21/2000,OH,250/500,1000,954.18,0,0,0
957816,8/26/2012,IL,500/1000,2000,1193.4,0,0,-40800
175960,11/16/2004,IN,100/300,1000,1023.11,0,0,-45300
489618,1/23/2003,IL,500/1000,1000,1524.45,0,73200,0
717044,11/7/2008,OH,500/1000,1000,1653.32,0,0,-48800
101421,10/19/1999,IL,250/500,1000,1022.46,0,52700,0
793948,12/20/1990,IL,100/300,2000,1396.43,0,21500,0
737483,2/14/1996,IL,250/500,500,1521.55,0,61100,-64500
695117,6/10/2001,IN,100/300,1000,1034.27,0,0,0
167466,3/17/2010,OH,100/300,1000,1255.35,0,60300,-58900
664732,7/30/2003,IL,500/1000,2000,1396.89,6000000,0,-61600
143038,9/17/2014,OH,500/1000,500,795.31,0,0,-51000
979963,6/3/2009,IN,100/300,500,982.22,0,54500,-72100
467841,10/11/1994,IN,500/1000,500,1074.07,0,70900,-61100
219028,7/18/1991,OH,100/300,1000,1311.3,0,38500,0
130156,9/24/2001,IL,250/500,2000,1277.12,0,0,-46000
762951,9/19/2012,IN,500/1000,500,1388.62,0,35200,0
376879,7/11/1991,IL,100/300,1000,1406.52,8000000,0,0
599031,10/29/1991,IN,100/300,500,1558.29,0,0,-49300
676255,12/28/1999,IN,500/1000,1000,1132.47,4000000,46300,0
985446,10/11/2012,OH,250/500,2000,1896.91,0,73700,0
884180,8/19/1995,IL,500/1000,500,1143.46,4000000,0,0
571462,2/11/1991,IN,500/1000,500,1285.42,0,0,0
815883,7/2/1991,OH,250/500,2000,1305.26,0,66200,-49700
258265,4/10/1994,IL,100/300,1000,1073.83,0,0,0
569714,12/4/2005,OH,500/1000,1000,1051.67,0,0,0
180008,7/16/2014,IL,250/500,1000,1387.35,0,0,-72000
633375,9/17/2003,IL,250/500,500,1083.64,0,59800,0
556538,7/15/2000,IL,250/500,1000,1851.78,0,78800,0
669501,7/29/2009,IN,250/500,500,1270.29,4000000,24000,-50500
963761,4/13/1991,OH,500/1000,500,1459.99,0,35900,0
753005,11/20/2005,IL,100/300,2000,1253.44,0,0,0
454758,5/20/1990,IN,100/300,1000,1142.48,0,0,0
698589,11/28/2002,IL,500/1000,1000,1188.45,0,0,-44800
330119,6/15/2004,IL,500/1000,1000,1125.4,0,40000,-43400
164464,9/26/2010,OH,250/500,500,1294.41,0,0,0
927354,9/15/1990,IN,100/300,500,1459.5,0,0,0
231508,9/16/2009,IL,100/300,500,1367.99,0,26500,0
272910,8/12/1999,IN,250/500,500,1594.37,0,0,0
305758,3/8/2009,IL,100/300,500,1035.99,0,0,0
950542,4/27/2009,OH,250/500,500,911.53,0,53200,0
291544,8/2/2006,OH,500/1000,500,1319.97,0,73700,0
388616,12/6/1995,OH,250/500,2000,1391.63,0,61200,0
577992,11/13/2002,IN,250/500,500,915.41,5000000,0,0
342830,11/9/1991,IL,500/1000,1000,1468.82,0,56800,-51800
491170,1/14/1998,IN,500/1000,500,1412.76,0,66400,-63700
175553,4/25/2002,OH,500/1000,500,1588.26,0,56700,-49300
439341,7/20/1991,IN,100/300,1000,1140.91,0,51300,0
221186,8/13/2004,OH,100/300,1000,1517.54,0,0,-20900
868031,6/24/1990,OH,250/500,2000,912.29,0,42900,-39100
844117,8/21/1991,OH,250/500,2000,1144.3,0,52600,0
744557,2/25/2011,IN,500/1000,1000,1281.43,0,65100,-50300
159536,2/4/2013,IL,100/300,2000,1101.85,0,46100,0
727109,2/20/2001,IN,500/1000,2000,1082.1,0,0,-30900
155604,3/3/1992,OH,500/1000,500,1185.44,0,44900,-52500
608443,12/21/2006,IL,500/1000,2000,1175.07,0,30100,0
117862,7/14/2000,OH,500/1000,2000,979.26,0,0,-67000
991553,12/12/1991,OH,250/500,500,920.81,0,0,0
727443,7/1/2013,OH,100/300,500,922.85,0,70300,-70900
378587,12/16/1998,OH,250/500,2000,1107.59,3000000,65400,0
420948,1/3/2015,IL,100/300,500,1272.46,0,0,0
457188,4/1/1994,IL,250/500,1000,1340.24,0,0,-68800
118236,8/15/2000,OH,100/300,1000,1648,0,57700,-43500
987524,11/13/2014,IL,250/500,500,1381.14,0,0,0
490596,2/4/2011,IL,500/1000,500,1198.44,8000000,0,0
524215,6/24/1990,OH,250/500,2000,951.27,0,42100,0
913464,1/21/2009,IN,500/1000,2000,1341.24,0,37100,-46500
398484,11/7/1992,IL,250/500,2000,1177.57,0,0,-65500
752504,5/15/1997,IN,250/500,1000,1055.09,0,0,0
449263,3/20/1992,IL,250/500,500,1479.48,0,0,0
844007,7/17/1995,IN,500/1000,2000,1827.38,0,0,-15900
686522,12/27/2000,IN,100/300,500,1169.62,0,0,0
670142,8/6/1999,IN,100/300,500,1516.34,0,11000,0
607687,3/3/2007,OH,500/1000,2000,1270.21,0,16100,-61200
967713,12/25/1997,IL,250/500,500,809.11,0,33200,0
291902,11/6/2013,IL,500/1000,1000,1115.81,0,0,-59800
149839,9/21/1990,OH,100/300,1000,1457.65,5000000,0,0
840225,10/5/1999,OH,100/300,1000,1041.36,0,53100,-43900
643226,4/7/1992,OH,250/500,1000,1693.83,7000000,44000,-20800
535879,3/5/2009,IN,100/300,1000,1685.69,0,31400,0
746630,2/10/1997,IN,250/500,500,1054.92,6000000,51900,0
598308,1/28/1992,IN,250/500,2000,1333.97,6000000,61100,-30700
720356,9/16/2013,OH,100/300,1000,1013.61,6000000,45700,-41400
724752,5/16/2008,IL,500/1000,500,958.3,0,47900,0
148498,1/4/2002,IN,250/500,2000,1112.04,6000000,52800,-54300
110122,4/2/2002,IN,250/500,2000,1206.26,0,69900,0
281388,7/16/1998,IL,500/1000,1000,763.67,0,12800,-49700
728600,8/15/2002,IL,250/500,500,1042.56,0,0,-66100
231548,9/7/1999,IL,100/300,2000,1263.48,4000000,46800,-87300
531160,1/12/2012,IL,250/500,500,1006.99,6000000,0,0
889003,8/18/1996,OH,250/500,1000,1328.26,0,42300,-45800
193213,3/11/1996,OH,100/300,1000,1250.08,5000000,0,-57700
557218,11/23/1997,IL,500/1000,500,982.7,6000000,30800,-43700
125591,8/8/2013,IN,500/1000,1000,1412.06,5000000,60100,0
227244,11/30/1996,IN,500/1000,2000,1066.7,0,0,0
791425,6/18/1997,IN,250/500,2000,1585.54,0,42600,-44400
354455,4/19/2007,IN,250/500,1000,1416.08,0,0,-36600
601042,9/19/2007,OH,250/500,500,1246.03,0,61900,-50000
433663,12/21/1996,IN,500/1000,2000,1356.64,0,67800,-48600
471938,2/3/2008,IL,100/300,2000,1387.7,4000000,0,0
564654,7/16/2003,OH,100/300,1000,1004.14,0,35400,0
645723,5/5/1991,OH,500/1000,500,1107.07,0,0,-45300
573572,6/16/1991,IL,100/300,500,1429.96,0,67800,0
437960,4/3/2001,IN,250/500,1000,1074.99,0,0,-48800
649800,3/16/2014,OH,500/1000,1000,1007,0,30400,-89400
544225,8/3/2010,OH,100/300,500,1052.85,0,0,-70100
390256,11/25/2009,IN,500/1000,1000,1200.33,4000000,0,-36400
488597,5/8/2001,IL,100/300,1000,1343,0,64600,0
133889,6/14/2004,OH,250/500,2000,1441.6,5000000,0,0
931901,8/7/1994,OH,100/300,1000,1433.42,6000000,53800,0
769475,8/26/2004,OH,500/1000,2000,1368.57,0,0,0
844062,5/25/1990,OH,250/500,500,862.19,0,69400,0
844129,9/20/1990,OH,250/500,500,871.46,0,58500,-77700
732169,11/5/2000,OH,500/1000,500,1863.04,0,53400,-35200
221854,10/3/1994,OH,250/500,2000,1181.64,0,25800,0
776950,4/11/2005,IL,500/1000,1000,1060.74,0,0,-51500
291006,5/16/1990,IN,100/300,500,951.56,0,59400,-78600
845751,9/11/2004,IN,100/300,500,1533.71,9000000,0,-70900
889764,11/30/1993,OH,500/1000,1000,1200.09,0,38400,-5700
929306,3/6/2003,IN,100/300,500,1093.83,4000000,0,-49600
515457,12/18/1996,IN,250/500,1000,988.93,0,27600,0
556270,2/21/1995,IN,500/1000,1000,1331.94,0,0,-55400
908935,12/11/2009,IL,500/1000,1000,1361.45,0,39300,0
525862,10/18/2000,OH,250/500,2000,1188.51,0,0,-65800
490514,2/9/2007,IN,500/1000,2000,1101.83,0,28900,0
774895,10/28/2006,IL,250/500,1000,840.95,0,32500,-80800
974522,1/27/2000,IN,250/500,1000,1503.21,0,55700,-49900
669809,4/5/2002,OH,100/300,1000,1722.5,0,0,-21500
182953,4/30/2013,IN,100/300,500,944.03,0,0,-58400
836349,5/1/2013,IL,500/1000,2000,1453.61,4000000,0,0
591269,1/9/1999,IN,100/300,500,1672.88,0,0,0
550127,7/4/2007,IN,250/500,1000,1248.05,0,37500,-54000
663190,2/5/1994,IL,100/300,500,1564.43,3000000,77500,-32800
109392,7/12/2006,OH,100/300,1000,1280.88,0,59400,-32200
215278,10/24/2007,IN,100/300,500,722.66,0,50300,0
674570,12/8/2001,OH,250/500,1000,1235.14,0,0,-32100
681486,3/24/2007,IN,500/1000,1000,1347.04,0,0,-82100
941851,7/16/1991,OH,500/1000,1000,1310.8,0,0,0
186934,1/5/2014,IL,100/300,1000,1436.79,0,70900,0
918516,2/17/2003,OH,250/500,500,1383.49,3000000,35100,0
533940,11/18/2011,IL,500/1000,2000,1356.92,5000000,0,0
556080,11/11/1996,OH,250/500,1000,766.19,0,0,0
