inc_id,ind_id,relation
86b86ee7,353fa113,PASSENGER
86b86ee7,90dc16ad,WITNESS
86b86ee7,48aa86ca,PEDESTRIAN
86b86ee7,6d9d9e9f,PASSENGER
b7348184,a6555ca8,WITNESS
b7348184,29bd7a06,DRIVER
b7348184,67dc3a15,PEDESTRIAN
b7348184,ea90316a,DRIVER
73eaa568,89c817ec,PEDESTRIAN
533b3975,f74fc173,PASSENGER
533b3975,0abafbff,PEDESTRIAN
533b3975,084ccfa1,PASSENGER
533b3975,a8b82bb7,WITNESS
8d70e244,30af8348,WITNESS
84973c7b,127d169d,WITNESS
84973c7b,40b9b5a0,WITNESS
84973c7b,73bfd09a,PASSENGER
84973c7b,1d75123e,WITNESS
6e077d22,97a643a1,DRIVER
e6c67de6,10391ade,DRIVER
e6c67de6,71650e35,WITNESS
e6c67de6,e7f4317a,WITNESS
e6c67de6,5e8fec42,PEDESTRIAN
c50240cc,83c6cc54,DRIVER
c50240cc,0b05e896,PEDESTRIAN
f106b14a,168be7c0,PASSENGER
f106b14a,317e33c6,PEDESTRIAN
f106b14a,ceb50fc6,PASSENGER
f106b14a,37da8bdb,PEDESTRIAN
0d4f58d7,43feb658,PASSENGER
0d4f58d7,9ccdedb8,PEDESTRIAN
0d4f58d7,5b771831,PASSENGER
97fae2ad,e9947c9c,WITNESS
900e283a,b0ae29d2,PEDESTRIAN
c937a05e,9894e5a8,PEDESTRIAN
4657931b,3d7d77df,PEDESTRIAN
4657931b,bfbabe15,DRIVER
f03810e5,02ea94a4,PASSENGER
03d12f0a,a2fc353b,WITNESS
03d12f0a,ab83559e,PASSENGER
03d12f0a,6ec0c0ca,PASSENGER
03d12f0a,9aa08b2d,PEDESTRIAN
707b2a8a,3a7f1449,PASSENGER
df1a1705,7dba3d7e,PEDESTRIAN
df1a1705,d6a9093f,PEDESTRIAN
9dea99a9,c702ff67,PEDESTRIAN
51240c6e,7e5f25ab,PASSENGER
51240c6e,5f46045e,WITNESS
51240c6e,90fcc52f,DRIVER
c0b6e73e,a298c221,WITNESS
c0b6e73e,aaa5e588,PASSENGER
b2c2e3de,14457e4e,PEDESTRIAN
b2c2e3de,bc2fd800,PASSENGER
b2c2e3de,e1c06e05,PASSENGER
b2c2e3de,9792deb8,DRIVER
1f1b4891,f56389e3,PASSENGER
1f1b4891,ff2802e1,WITNESS
1f1b4891,cd48bc14,WITNESS
99d6dc0f,57002d5a,PASSENGER
99d6dc0f,56590d66,DRIVER
0a02dd55,bddf76c6,DRIVER
0a02dd55,766669c8,PEDESTRIAN
0a02dd55,1db85697,WITNESS
0a02dd55,bb7b2d20,PEDESTRIAN
9d8a1b32,3af6fecb,DRIVER
9d8a1b32,2885c830,WITNESS
9d8a1b32,f3b42884,WITNESS
9d8a1b32,1b6672d0,PEDESTRIAN
a20239b0,7365a549,PEDESTRIAN
a20239b0,a9174679,PEDESTRIAN
83131ce4,4d13793e,WITNESS
83131ce4,82a95b89,PEDESTRIAN
83131ce4,e27f50aa,PEDESTRIAN
6f697d66,967be2db,WITNESS
6f697d66,0aa248ab,PASSENGER
6f697d66,cdbaa0ab,PASSENGER
99300c05,3df75de5,PASSENGER
99300c05,6a881d83,PASSENGER
03e484c3,24a8eeef,DRIVER
75fea70a,9f513fdb,PEDESTRIAN
74e865bd,f1480e2c,PEDESTRIAN
4e622d98,9ab6aeb3,WITNESS
4e622d98,989a9ba1,WITNESS
033563e8,5be0ea04,PASSENGER
033563e8,9c41c43f,PASSENGER
033563e8,2a843c98,PEDESTRIAN
033563e8,bdd58e97,WITNESS
cbabb758,7718b238,PEDESTRIAN
cbabb758,38fa1fe4,PASSENGER
a59ba2a6,edcf1926,PEDESTRIAN
a59ba2a6,538d3102,PASSENGER
c49aaf15,d01999ea,PASSENGER
c49aaf15,96e0a780,DRIVER
c49aaf15,8485bdad,PEDESTRIAN
c49aaf15,16872e22,PEDESTRIAN
47671761,beb06763,WITNESS
47671761,962b78f0,PASSENGER
08c13900,3a3f2e45,DRIVER
08c13900,3cb736a3,PASSENGER
08c13900,7b499ef1,PASSENGER
08c13900,8c27d2f4,WITNESS
c2915f12,7d85a779,PEDESTRIAN
66086e53,3f648d1a,PEDESTRIAN
66086e53,929b89c0,DRIVER
224d516f,dad82a51,WITNESS
80ac945a,71f247cf,DRIVER
5b01b6d3,5102ea74,WITNESS
5b01b6d3,a7cf0887,PASSENGER
5b01b6d3,64613281,PEDESTRIAN
5b01b6d3,ae7281f7,DRIVER
e75ca24e,be11e3ac,WITNESS
e75ca24e,5e16e0ea,PEDESTRIAN
45496277,ed69e28c,PEDESTRIAN
7d939c27,fb451d78,DRIVER
2ee6920c,393b08de,DRIVER
2ee6920c,4281dbdc,DRIVER
2ee6920c,ca367512,PASSENGER
35793f08,a4c59275,PASSENGER
35793f08,f1d4fd41,PASSENGER
35793f08,27cc8672,WITNESS
88833e7b,d620ccea,WITNESS
88833e7b,1b0de340,PASSENGER
88833e7b,b7e49ec4,DRIVER
88833e7b,d79f5300,DRIVER
4c3d843e,4f518e0b,WITNESS
4c3d843e,7743abce,WITNESS
0aaba7df,5341bc06,PEDESTRIAN
0aaba7df,963245b5,PASSENGER
0aaba7df,979e3536,WITNESS
0aaba7df,18d2679c,PEDESTRIAN
5ccd52ef,77044cad,PEDESTRIAN
b875f5f6,468ba2df,WITNESS
b875f5f6,203ba30c,PASSENGER
b875f5f6,f5ff5e4c,PEDESTRIAN
5d64ef9e,f05876e1,DRIVER
5d64ef9e,a25e14ab,WITNESS
5d64ef9e,7cc72b94,PEDESTRIAN
5d64ef9e,fc84629f,WITNESS
5002490e,c16cfb5e,PASSENGER
5002490e,6ca8ef7c,PEDESTRIAN
5002490e,c401a45f,WITNESS
5002490e,9f8a1e1d,PASSENGER
95efa926,a4d375a4,WITNESS
95efa926,90271453,WITNESS
95efa926,6885eed5,WITNESS
68859030,87b3fc92,WITNESS
0f216b9a,38aa1ab3,PEDESTRIAN
0f216b9a,f9b8c5c7,WITNESS
0f216b9a,243b54cb,PEDESTRIAN
0f216b9a,2aadc3fe,PASSENGER
a90c24c6,d4329019,PASSENGER
a90c24c6,f6710094,PASSENGER
a90c24c6,ed63c077,PASSENGER
e540ae0d,14cafedd,PEDESTRIAN
e540ae0d,3de33305,DRIVER
e540ae0d,0e31e537,PASSENGER
34cc514b,52434aa4,PASSENGER
34cc514b,edcb378d,DRIVER
34cc514b,297f249b,PASSENGER
ec161684,61404f99,WITNESS
ec161684,817c7348,PASSENGER
ec161684,f0eb0157,WITNESS
14846ea1,f21707b3,PEDESTRIAN
14846ea1,4da8bd52,PEDESTRIAN
14846ea1,6b55d8c1,PEDESTRIAN
14846ea1,8908b5a4,PASSENGER
50171314,f401d652,PEDESTRIAN
50171314,af06b333,PEDESTRIAN
50171314,9225e940,PASSENGER
50171314,1d20acbd,PASSENGER
db3ff6ea,0b487b17,PASSENGER
db3ff6ea,1cab45ac,PEDESTRIAN
db3ff6ea,7aa142e8,WITNESS
3edb03ab,8048276d,WITNESS
3edb03ab,a365459a,WITNESS
3edb03ab,bc75a842,DRIVER
92966d8c,690198ac,PEDESTRIAN
92966d8c,fb3e6ae7,WITNESS
92966d8c,dc827c4f,PEDESTRIAN
92966d8c,d254525b,DRIVER
91d38c45,f781c36a,PEDESTRIAN
6dc31ec7,45693640,PEDESTRIAN
6dc31ec7,d006908e,PEDESTRIAN
6dc31ec7,09c37a84,PASSENGER
6dc31ec7,f81efbc1,PASSENGER
4e97f594,66760f2f,PEDESTRIAN
56055b6f,0225ed32,DRIVER
56055b6f,7a1a907b,DRIVER
56055b6f,3cfa7174,PASSENGER
2c028fa6,e9586eec,PASSENGER
2c028fa6,f712ac00,DRIVER
2c028fa6,db3b106e,WITNESS
2c028fa6,420dae4c,WITNESS
00cd3851,7ba49c47,DRIVER
00cd3851,0fb99d7e,PEDESTRIAN
c60e78ee,64e1c9e7,PEDESTRIAN
c60e78ee,9099976c,WITNESS
66fc13b3,20af963c,PASSENGER
66fc13b3,3d65158b,PEDESTRIAN
734754e8,dcbc5913,WITNESS
734754e8,3bd6a5df,PASSENGER
802b8a73,7a635d0c,PEDESTRIAN
802b8a73,0fcf938b,DRIVER
802b8a73,89bfe40f,PASSENGER
802b8a73,e7aa8ce7,WITNESS
c2d95b84,b0d0ecc1,PEDESTRIAN
c2d95b84,562e7d2c,WITNESS
c2d95b84,04895d06,DRIVER
25f33dae,3f626605,WITNESS
25f33dae,56c7b9da,WITNESS
7424ba12,f38f6b0d,PASSENGER
7424ba12,25757841,PASSENGER
bc380866,8a3e5d7a,PASSENGER
bc380866,b91a4e6f,WITNESS
bc380866,9bb68e6d,PASSENGER
1ff34c0f,a7210d6c,PEDESTRIAN
1ff34c0f,322d1742,DRIVER
1ff34c0f,8f182a45,DRIVER
1ff34c0f,fa70b5ff,WITNESS
69bc7f09,dbdac058,PEDESTRIAN
fd9671a0,201cd9a4,WITNESS
fd9671a0,953302e5,DRIVER
fa8034af,b0a6238a,PEDESTRIAN
fa8034af,4d0b8806,PASSENGER
fa8034af,ba3dc40a,WITNESS
fa8034af,c2909fae,DRIVER
0f2142cd,618980e7,DRIVER
0f2142cd,3f9bb272,PASSENGER
0f2142cd,e50e77cc,DRIVER
2ddf7143,d5c634d2,PASSENGER
2ddf7143,f7faff35,WITNESS
29506613,2f7b7892,PASSENGER
29506613,141599ea,DRIVER
5d7c5623,b5c3643e,PEDESTRIAN
04c79cf9,a816791f,PEDESTRIAN
04c79cf9,9aaa0ee8,DRIVER
89c41336,76ce0722,PASSENGER
89c41336,38986919,PEDESTRIAN
89c41336,6dd7d195,WITNESS
97155117,76f28b14,PASSENGER
40ed5119,75871124,PEDESTRIAN
40ed5119,3e3556f0,WITNESS
bf12a557,2aaa53bf,DRIVER
bf12a557,b00512d7,DRIVER
73c3e494,48403e82,WITNESS
73c3e494,d48af701,PASSENGER
73c3e494,f1d405ec,PASSENGER
73c3e494,5b139a36,PASSENGER
c9cb61af,c8079aa9,WITNESS
c9cb61af,a3fafdb7,PEDESTRIAN
c9cb61af,35d6465a,PEDESTRIAN
78766d10,e5f076d9,DRIVER
78766d10,79e7dc99,PEDESTRIAN
78766d10,0b79335d,DRIVER
cefa32ec,a31d5055,WITNESS
cefa32ec,90304a34,PASSENGER
cefa32ec,331ce6c7,DRIVER
c0440cad,0ed4c506,WITNESS
c0440cad,2d0022e6,WITNESS
c0440cad,de271cd6,PASSENGER
c0440cad,e8fd36ff,WITNESS
4d420c73,03fe316c,DRIVER
708e81e8,c7da96ea,PEDESTRIAN
5fea9585,4cbaebd3,PEDESTRIAN
4fe59cf1,a67513ab,PEDESTRIAN
4fe59cf1,09350aae,PEDESTRIAN
f8492486,276e6b96,WITNESS
f8492486,963460d8,PEDESTRIAN
f8492486,a3781899,PASSENGER
f8492486,a983dadf,PEDESTRIAN
022ef5b9,e3698731,WITNESS
3fdd1efe,7b3f4f2e,WITNESS
3fdd1efe,459e2114,PEDESTRIAN
3b0fe98e,0aab7b7c,PASSENGER
96b001c1,5db95b22,DRIVER
96b001c1,6d194a46,PEDESTRIAN
0dd1a70d,54942b8b,WITNESS
0dd1a70d,35d63f1e,PEDESTRIAN
d8c69d97,a9b6ac0b,PASSENGER
d8c69d97,51f9fd0c,DRIVER
d8c69d97,371e98d8,PEDESTRIAN
68a2d0e1,e1b4485d,DRIVER
43d3d074,9a685cf0,PEDESTRIAN
43d3d074,cd438b25,PASSENGER
43d3d074,3f8d333a,WITNESS
77b98d12,ed2c2d53,WITNESS
77b98d12,d171c2d6,DRIVER
77b98d12,78fac5bc,PASSENGER
eb548d8c,96d144f9,DRIVER
eb548d8c,f5432e51,WITNESS
eb548d8c,8f93d6ee,PASSENGER
eb548d8c,a846b0a6,WITNESS
b5affce0,7fb1dcdb,DRIVER
0cc9ed8b,36e144dd,PEDESTRIAN
907ba3cb,ef6344b6,DRIVER
907ba3cb,d58212a7,PEDESTRIAN
907ba3cb,52931ae4,PEDESTRIAN
91a88a20,6b2c3d85,WITNESS
91a88a20,498af9f2,PEDESTRIAN
91a88a20,5520be02,DRIVER
91a88a20,a24e7d79,DRIVER
44a5c55d,7fd1b70d,PASSENGER
44a5c55d,4d7edaa4,DRIVER
23604466,1ae78b00,DRIVER
23604466,31fdafcd,PASSENGER
171bfe2a,db9220a2,PEDESTRIAN
1da3477d,b29f16cf,DRIVER
1da3477d,a97a4814,WITNESS
a9090f8d,1701eb7e,PASSENGER
a9090f8d,7ae9101b,PASSENGER
febaf036,c7fc1c22,DRIVER
17b96bf6,e3a562a1,DRIVER
17b96bf6,c05fb7e4,PEDESTRIAN
17b96bf6,4a48a802,PEDESTRIAN
17b96bf6,22c86f00,WITNESS
2412d4a9,23dedba7,PASSENGER
4c3459f6,2c1ff7b5,WITNESS
bb6747f8,52f6ab9c,WITNESS
bb6747f8,65bbd371,DRIVER
bb6747f8,f7d4b14b,PASSENGER
bb6747f8,e8246a33,WITNESS
d89078cd,47f8e056,PEDESTRIAN
d89078cd,549b19b0,PEDESTRIAN
d89078cd,f3fb8ab4,DRIVER
d89078cd,e4b11434,PEDESTRIAN
6b51b553,894c2497,PEDESTRIAN
6b51b553,19e8a681,DRIVER
19de1c6b,7f05fea4,PEDESTRIAN
19de1c6b,531d058a,WITNESS
19de1c6b,9ec2a77f,PASSENGER
19de1c6b,6cf2399e,PEDESTRIAN
477d7d3c,a8eaffbe,PEDESTRIAN
477d7d3c,60cc9183,PEDESTRIAN
a66da7b4,49749551,WITNESS
b4c67cac,b0062d4b,DRIVER
b4c67cac,60491a48,WITNESS
b4c67cac,a7fc1003,WITNESS
b4c67cac,5bf25f04,PEDESTRIAN
c3848fcf,5a4c7e6e,DRIVER
0fe8ae0f,70718070,WITNESS
0fe8ae0f,e5a87c38,PEDESTRIAN
0fe8ae0f,a58706b7,WITNESS
0fe8ae0f,b2075da3,PEDESTRIAN
a00df122,9ae78762,PEDESTRIAN
a00df122,a29d40ee,PEDESTRIAN
a00df122,1f21c5c5,DRIVER
a00df122,5c1cc32d,DRIVER
e11136f9,e689f9fe,PASSENGER
e11136f9,b5081b8c,PASSENGER
fd48ae4a,4a0c3d5f,PEDESTRIAN
912fb1e1,62237c6d,WITNESS
9df401e7,60e91668,DRIVER
9df401e7,7b38ac38,PASSENGER
9df401e7,b9f613b4,PEDESTRIAN
9df401e7,11b89334,DRIVER
22dd7b31,7eb89dd6,WITNESS
39b9e6c0,3049c6fe,DRIVER
39b9e6c0,855074b6,DRIVER
39b9e6c0,72a10dc7,PEDESTRIAN
ea49524b,364403ab,WITNESS
5885b986,a8614e23,PEDESTRIAN
5885b986,751befe8,WITNESS
5885b986,d3b1ab90,DRIVER
024b7d98,988f2177,WITNESS
25bb5ef7,f0b71ed2,PASSENGER
25bb5ef7,6ab2bff1,PEDESTRIAN
25bb5ef7,d7f23dec,PEDESTRIAN
fe14c331,5fe43c9f,PEDESTRIAN
fe14c331,ac2f5fd9,PEDESTRIAN
fe14c331,c3b09674,PEDESTRIAN
fe14c331,cc47844f,PEDESTRIAN
4aa1e884,40e07cd9,PEDESTRIAN
4aa1e884,3946e082,WITNESS
4aa1e884,5f582513,PASSENGER
3de29067,8d308865,WITNESS
3de29067,c08a4cfc,PEDESTRIAN
6f0301f9,02ce9e17,WITNESS
6f0301f9,6ad29c52,PEDESTRIAN
6f0301f9,1c55c21a,DRIVER
6f0301f9,dd94df27,WITNESS
5d479118,f0684168,DRIVER
5d479118,7818118c,WITNESS
8fa5521a,b7a6bf7c,PASSENGER
8fa5521a,367e41d0,WITNESS
9070c8d3,44095226,WITNESS
9070c8d3,8ebe1a8d,PASSENGER
9070c8d3,d6717efc,PEDESTRIAN
2d93d967,8091d649,WITNESS
0fe0578f,0fee46d6,PEDESTRIAN
0fe0578f,0cd5d2b6,DRIVER
0fe0578f,be17f0b8,PEDESTRIAN
c8508ada,a6258304,PASSENGER
c8508ada,81c0f762,WITNESS
c8508ada,03acd9df,PEDESTRIAN
bea8770e,f57019e1,PEDESTRIAN
bea8770e,616eeec1,PASSENGER
bea8770e,8426f9b9,DRIVER
bea8770e,47345c30,PEDESTRIAN
59d01a0a,7f2c25c5,DRIVER
59d01a0a,b79d04e7,DRIVER
59d01a0a,f8878a8c,PEDESTRIAN
59d01a0a,240f3dd0,DRIVER
88faec1f,bfef57af,WITNESS
88faec1f,d8cf1646,PEDESTRIAN
88faec1f,7e19de66,PASSENGER
023f6aca,f13bc287,WITNESS
023f6aca,0bbd1abf,DRIVER
023f6aca,e63bf344,DRIVER
62f26fe8,c65261ed,DRIVER
39fdb693,df12106a,WITNESS
39fdb693,06bc43f7,WITNESS
39fdb693,42b4c71c,WITNESS
51f8e0c4,979b51e6,PEDESTRIAN
51f8e0c4,e6c9a96b,PASSENGER
51f8e0c4,ac686881,PASSENGER
cf22747f,435bcb72,DRIVER
cf22747f,2c396244,PASSENGER
cf22747f,832d5dac,DRIVER
8e50f17c,a5788c63,PEDESTRIAN
3b763de1,9143067f,WITNESS
3b763de1,b56cebcb,DRIVER
dca9c9dd,d441c8e6,WITNESS
dca9c9dd,7cc1f7cf,PASSENGER
dca9c9dd,ea237a29,PEDESTRIAN
67892682,b07b7f39,PASSENGER
67892682,0a9393c9,DRIVER
67892682,f550f5c6,PASSENGER
6d97189b,322e790c,WITNESS
6d97189b,7aad6f01,PASSENGER
6d97189b,75d7c716,PASSENGER
ae7a60c8,4d1ce3c5,PASSENGER
ae7a60c8,dd9393e1,PEDESTRIAN
06dc2a9a,5cccc9da,WITNESS
cc7771eb,b8fefba8,WITNESS
cc7771eb,dc83c40a,WITNESS
c63c82a0,032cfac5,WITNESS
c63c82a0,552acc16,WITNESS
c63c82a0,a10658ad,DRIVER
c63c82a0,306745ff,PEDESTRIAN
7b5f7776,a424be61,WITNESS
7b5f7776,eb14cbd3,WITNESS
7b5f7776,f766e845,PASSENGER
c28a3a48,393c5ef6,PASSENGER
c28a3a48,4062c126,DRIVER
c28a3a48,117d169a,PASSENGER
c28a3a48,d6936325,PEDESTRIAN
197a7ae1,d34c086e,PASSENGER
e3579cd0,422004a4,DRIVER
e3579cd0,ecffd2cc,PEDESTRIAN
e3579cd0,418e254d,PASSENGER
60617382,ce268d2f,WITNESS
1ce9a9d9,45a76ff2,PASSENGER
1ce9a9d9,5925fd97,PASSENGER
1ce9a9d9,93ae5bad,PEDESTRIAN
dc5a630a,6dfa90a0,PASSENGER
dc5a630a,03e1520d,WITNESS
dc5a630a,702da18e,WITNESS
20bfda0a,ce17ec71,WITNESS
20bfda0a,dece3668,PEDESTRIAN
969717c1,6ea09f72,WITNESS
75c63bd7,8ef21adf,WITNESS
75c63bd7,73d2898c,PASSENGER
75c63bd7,39b2d791,DRIVER
273d40f9,d2a7f71f,DRIVER
bef3b0f7,11a860bb,WITNESS
bef3b0f7,72f6681b,DRIVER
bef3b0f7,a4907cb2,WITNESS
f7ac5874,05947024,WITNESS
f7ac5874,1417fdcf,DRIVER
ca360b96,2528d850,DRIVER
ca360b96,663f68d5,WITNESS
814e27da,0a7bf9b1,WITNESS
814e27da,3dde9a60,WITNESS
814e27da,2e0bb430,WITNESS
814e27da,d201563e,PEDESTRIAN
0ed79ac5,ee9c9eab,PEDESTRIAN
0ed79ac5,0dc70a70,PASSENGER
7b045f03,7aaf5142,DRIVER
7b045f03,ae67c2c4,PEDESTRIAN
479cde8a,04541066,PEDESTRIAN
479cde8a,31acb19b,WITNESS
2290797c,b52ce91f,WITNESS
4066e23b,e5d96336,WITNESS
4066e23b,f6564467,PEDESTRIAN
4066e23b,95cf7e62,PEDESTRIAN
4066e23b,b7b924a8,PEDESTRIAN
969d81ce,45f23781,DRIVER
969d81ce,2e16444c,DRIVER
969d81ce,cc00c574,DRIVER
969d81ce,59e20df2,DRIVER
db821173,b59b88d0,DRIVER
db821173,51246a3a,PEDESTRIAN
db821173,7ecb3e1a,DRIVER
db821173,4380ded3,PEDESTRIAN
e7e939ad,023890ed,DRIVER
48fe4ae6,a2f8830d,DRIVER
48fe4ae6,ad407bd9,WITNESS
b0b0510b,85442a07,DRIVER
b0b0510b,8d5e640d,WITNESS
b0b0510b,91a154ac,WITNESS
b0b0510b,9ec813ec,PASSENGER
5db4b516,5ee70fd8,WITNESS
aa59105a,d85b20ad,PEDESTRIAN
aa59105a,0cf95ff7,PASSENGER
aa59105a,f7838f33,DRIVER
20e23914,285914df,PEDESTRIAN
20e23914,f41643fa,DRIVER
20e23914,e021d58a,PEDESTRIAN
e23e1c72,0a80e56c,DRIVER
012fe257,30d5462c,PASSENGER
012fe257,66ab4532,WITNESS
012fe257,a061bd84,PEDESTRIAN
012fe257,6b6e9491,PASSENGER
d7896406,8b5028f2,PEDESTRIAN
9626255f,3055f75c,PEDESTRIAN
9626255f,6847b4ec,DRIVER
b308b342,124493a2,PASSENGER
b308b342,0f98d8a5,PASSENGER
b308b342,7917b371,PEDESTRIAN
b308b342,4c753e19,PASSENGER
d1c25b58,1e4fb9ad,DRIVER
d1c25b58,0058f595,WITNESS
d1c25b58,eaa360e2,WITNESS
e20e0887,01903b65,PEDESTRIAN
4eaccfbb,4f8c3a6d,PEDESTRIAN
4eaccfbb,3a867d8b,PEDESTRIAN
b8dd74d6,0006f205,DRIVER
b8dd74d6,bd5de97b,WITNESS
b8dd74d6,ce2a8ed8,DRIVER
b8dd74d6,a0e5b39d,WITNESS
7bee2d69,579ba526,DRIVER
fa8d6b99,76e953c5,PASSENGER
fa8d6b99,a6d6b9b0,PASSENGER
fa8d6b99,8a47cf0d,PASSENGER
e828e2d2,1a2049c4,PASSENGER
e828e2d2,8b24b535,PEDESTRIAN
e828e2d2,247da392,PASSENGER
e828e2d2,d6f99531,WITNESS
4d1677a9,e8079fda,WITNESS
4d1677a9,ddae807a,PEDESTRIAN
2c13c388,11cd1dc6,WITNESS
2c13c388,355a4102,PASSENGER
2c13c388,104e9388,PEDESTRIAN
2c13c388,d94251bd,DRIVER
8ef3a4c4,6cef2560,WITNESS
8ef3a4c4,d8428dea,PASSENGER
9c6a447c,41bc3db1,PEDESTRIAN
9c6a447c,38d4aa90,WITNESS
db61a603,ad60fd26,PASSENGER
db61a603,5055fae9,WITNESS
220be3e7,f0f7741a,WITNESS
220be3e7,de6ed51b,DRIVER
18e9751f,ddd5aadd,PASSENGER
18e9751f,a8c4725c,WITNESS
43998267,657fd5cd,WITNESS
e320f502,1d039827,WITNESS
309e28ba,902833f0,PASSENGER
309e28ba,bbc4159c,WITNESS
a7c2d630,8be125f2,PASSENGER
a7c2d630,0df4032b,DRIVER
198eb2ec,0f5a1d54,PEDESTRIAN
c6db499d,b77c372b,DRIVER
c6db499d,20a383a6,PASSENGER
c16faeae,8112bc43,WITNESS
c16faeae,f6349bd4,PASSENGER
c16faeae,5e6aee57,PEDESTRIAN
c16faeae,2ee9ce39,DRIVER
1d1a2fb6,598a7100,PEDESTRIAN
1d1a2fb6,6637a093,WITNESS
1d1a2fb6,e96b39a5,PASSENGER
1d1a2fb6,161eadc0,WITNESS
ad1c8ae7,6c995788,DRIVER
ad1c8ae7,7a3dcb25,PASSENGER
5b1b63e8,31f64d00,WITNESS
5a3e04b1,e9bf2553,DRIVER
5a3e04b1,6f114156,DRIVER
5a3e04b1,e9b4edf6,PEDESTRIAN
e2c7551d,94659fd5,DRIVER
e2c7551d,bce413a4,DRIVER
e2c7551d,9ae16ec7,WITNESS
d01f67c7,2dc81f4f,WITNESS
be7e0179,f3146b21,PEDESTRIAN
be7e0179,6a6bcebf,DRIVER
be7e0179,ba0acc17,WITNESS
1b0ae92b,c0e68720,DRIVER
1b0ae92b,75af0ae3,PEDESTRIAN
53b3b0a3,62af081f,PASSENGER
6a5d364d,5eef2623,DRIVER
6a5d364d,54737d93,PEDESTRIAN
6a5d364d,230f64b0,DRIVER
6a5d364d,76c5acf4,PASSENGER
5064d2fd,780ca46d,WITNESS
5064d2fd,7f249ec5,PEDESTRIAN
5064d2fd,7efdf2f1,WITNESS
8b4fe3df,8afba456,PEDESTRIAN
8b4fe3df,82917381,PEDESTRIAN
8b4fe3df,baf6332d,WITNESS
978c1117,a8a8f762,DRIVER
978c1117,8d54a0a7,WITNESS
978c1117,1bc0f313,PEDESTRIAN
059d273d,ae4a3fd3,PASSENGER
059d273d,10bae5a5,PEDESTRIAN
059d273d,5efad722,PEDESTRIAN
8a53b679,7ee4fd69,PASSENGER
e2722183,7ffe51d4,WITNESS
e2722183,06bc43f7,PASSENGER
e2722183,e08baba4,DRIVER
e2722183,d61228d6,DRIVER
d15aaa6f,18a75d56,DRIVER
f4d6358e,08ac785b,PEDESTRIAN
74932e59,18bfb00d,PEDESTRIAN
74932e59,a857c078,PASSENGER
74932e59,123925e3,PASSENGER
35f224cc,4f2bb65e,WITNESS
35f224cc,bf5ffc0a,PEDESTRIAN
b961777f,14fe1c4b,WITNESS
565c72fd,67ebbb0c,WITNESS
565c72fd,2f1b25b0,PEDESTRIAN
565c72fd,a0aefba8,WITNESS
565c72fd,cfb75307,PEDESTRIAN
f4f95832,d5ff11f0,PASSENGER
f4f95832,2f25edbe,PEDESTRIAN
8c3d0e63,5427626c,PEDESTRIAN
8c3d0e63,aa049b84,PASSENGER
8c3d0e63,91cbf84d,PEDESTRIAN
3002f5ca,4c071f2a,PASSENGER
3002f5ca,cd4fc795,PASSENGER
3002f5ca,4f261591,PASSENGER
3002f5ca,aeb28ae4,PASSENGER
da1b89c1,61ffa8c9,PEDESTRIAN
952e2bfa,1e4944bc,WITNESS
952e2bfa,fcfee4e4,PASSENGER
952e2bfa,125e64a6,DRIVER
952e2bfa,2b7768e0,PEDESTRIAN
6a6dae42,2184cd8e,DRIVER
6a6dae42,ca9b50fe,WITNESS
6a6dae42,f31d8941,PASSENGER
11bb80c9,ecf5943a,WITNESS
3669c144,b4386e48,WITNESS
3669c144,b27e0cdd,WITNESS
7601fb11,05e335a3,PASSENGER
5a217b91,9f425ccb,PEDESTRIAN
5a217b91,14293d94,DRIVER
5a217b91,7343acc3,PEDESTRIAN
5a217b91,677d0430,PEDESTRIAN
5a09037d,4b5edb66,WITNESS
c361c608,516c2d7e,PEDESTRIAN
e8c9acfe,c6c37b39,PASSENGER
cfa922a7,89df0d89,PEDESTRIAN
ab2c2479,f70d90e7,PEDESTRIAN
ab2c2479,275fe48a,WITNESS
e56ca371,af41323e,PASSENGER
e56ca371,4f5f58c7,PASSENGER
e56ca371,33b92b49,WITNESS
e56ca371,b68624cd,DRIVER
f99b426c,5591b76c,DRIVER
f99b426c,0aad10c1,WITNESS
f99b426c,f1990335,DRIVER
f99b426c,c98b3783,DRIVER
c0898470,7fd2cd30,DRIVER
c0898470,7048417b,PEDESTRIAN
c0898470,9f0142a6,PASSENGER
ab59f7e4,a7e889bf,PASSENGER
ab59f7e4,4ea6f747,DRIVER
ab59f7e4,4e5463c4,PASSENGER
6338298e,5b4948f7,PEDESTRIAN
6338298e,b30d45f1,DRIVER
6338298e,7078e3bd,PASSENGER
a3476590,bb1abb81,DRIVER
bfbe1ea9,e95b560a,DRIVER
bfbe1ea9,424add53,PEDESTRIAN
bfbe1ea9,36de4ddf,PASSENGER
bfbe1ea9,f44a5db3,WITNESS
428ff09e,76a9c337,DRIVER
92da1da2,772d8e27,WITNESS
92da1da2,50db2811,PASSENGER
92da1da2,25ecd583,WITNESS
f99f1c8a,11ab2493,PASSENGER
f99f1c8a,4f7f8880,PEDESTRIAN
f99f1c8a,c2b962a1,PEDESTRIAN
e9588df3,73ed9b71,WITNESS
e9588df3,badc99b7,WITNESS
e9588df3,b38c20ff,PEDESTRIAN
e9588df3,9b559087,WITNESS
3a9e1ef4,970227da,DRIVER
3a9e1ef4,7018928b,WITNESS
3a9e1ef4,598bc009,WITNESS
3a9e1ef4,b7643182,DRIVER
8d4faeb5,991d23b4,WITNESS
8d4faeb5,7ddeb61b,DRIVER
eee72320,ab09e8e6,DRIVER
eee72320,b0a3bd1b,PASSENGER
eee72320,ae662253,WITNESS
eee72320,e245a17f,PASSENGER
cd4961a5,4bfd52da,WITNESS
cd4961a5,950df497,PASSENGER
bd819661,39acdcdd,WITNESS
823e6f4e,f0229139,PEDESTRIAN
823e6f4e,3718a90e,DRIVER
823e6f4e,eba9b092,PEDESTRIAN
fec20c42,f2770f3c,PASSENGER
fec20c42,b977a15d,DRIVER
fec20c42,019ea9b3,DRIVER
fec20c42,2a41a7f2,PEDESTRIAN
5a917ff5,07d84388,DRIVER
5a917ff5,5caf4507,PASSENGER
5a917ff5,a98cb533,PEDESTRIAN
46c507a1,361f3cd1,WITNESS
61665eb9,604861cb,DRIVER
c63fda2d,cba68f4f,PEDESTRIAN
c63fda2d,d0b94373,PEDESTRIAN
c63fda2d,8169fc87,PASSENGER
795b7683,2799b97c,PEDESTRIAN
795b7683,eb29daea,WITNESS
3270e9d7,8e2920c3,PASSENGER
3270e9d7,54f5e56d,DRIVER
f69df4de,7d7e6525,DRIVER
f69df4de,ea94658e,DRIVER
ec6946c4,904c6268,PASSENGER
ec6946c4,a85ae547,WITNESS
ec6946c4,f61c3c17,WITNESS
ec6946c4,66b4b964,DRIVER
10eb7f8e,95fd9545,WITNESS
10eb7f8e,3930b33c,DRIVER
96f36e67,1fb86984,PEDESTRIAN
96f36e67,dd6c0b6e,DRIVER
96f36e67,08d3fcfa,WITNESS
46e51824,a8282f2e,PASSENGER
46e51824,962dd0eb,DRIVER
46e51824,f5c138eb,WITNESS
7f5df491,4581a8e4,PEDESTRIAN
f58b5e47,0d49a6cb,WITNESS
f58b5e47,e771565f,WITNESS
f58b5e47,26a11e23,PASSENGER
19b1053a,31f94759,PEDESTRIAN
